Date,Year,Month,Region,Commute_Method,Employee_Count,Adoption_Rate_Pct,CO2_per_Employee_kg_month,Total_CO2_Emissions_kg,Incentive_Cost_per_Employee_USD,Total_Incentive_Cost_USD
2022-01-01,2022,1,North America,Electric Vehicle,57,12.0,42,2394,193.0,19840.0
2022-01-01,2022,1,North America,Hybrid Vehicle,105,22.0,95,9975,95.0,23338.0
2022-01-01,2022,1,North America,Public Transport,153,32.0,65,9945,153.0,25453.0
2022-01-01,2022,1,North America,Cycling/Walking,48,10.0,0,0,317.0,10866.0
2022-01-01,2022,1,North America,Car Sharing,28,6.0,78,2184,278.0,7055.0
2022-01-01,2022,1,North America,Conventional Vehicle,86,18.0,185,15910,0.0,0.0
2022-01-01,2022,1,Europe,Electric Vehicle,57,12.0,42,2394,209.0,16388.0
2022-01-01,2022,1,Europe,Hybrid Vehicle,105,22.0,95,9975,341.0,35705.0
2022-01-01,2022,1,Europe,Public Transport,153,32.0,65,9945,287.0,30018.0
2022-01-01,2022,1,Europe,Cycling/Walking,48,10.0,0,0,99.0,3040.0
2022-01-01,2022,1,Europe,Car Sharing,28,6.0,78,2184,119.0,4258.0
2022-01-01,2022,1,Europe,Conventional Vehicle,86,18.0,185,15910,0.0,0.0
2022-01-01,2022,1,Asia Pacific,Electric Vehicle,57,12.0,42,2394,89.0,6693.0
2022-01-01,2022,1,Asia Pacific,Hybrid Vehicle,105,22.0,95,9975,75.0,21746.0
2022-01-01,2022,1,Asia Pacific,Public Transport,153,32.0,65,9945,88.0,41743.0
2022-01-01,2022,1,Asia Pacific,Cycling/Walking,48,10.0,0,0,150.0,12078.0
2022-01-01,2022,1,Asia Pacific,Car Sharing,28,6.0,78,2184,315.0,2123.0
2022-01-01,2022,1,Asia Pacific,Conventional Vehicle,86,18.0,185,15910,0.0,0.0
2022-01-01,2022,1,Latin America,Electric Vehicle,57,12.0,42,2394,347.0,13884.0
2022-01-01,2022,1,Latin America,Hybrid Vehicle,105,22.0,95,9975,66.0,15141.0
2022-01-01,2022,1,Latin America,Public Transport,153,32.0,65,9945,316.0,35017.0
2022-01-01,2022,1,Latin America,Cycling/Walking,48,10.0,0,0,136.0,15943.0
2022-01-01,2022,1,Latin America,Car Sharing,28,6.0,78,2184,286.0,7579.0
2022-01-01,2022,1,Latin America,Conventional Vehicle,86,18.0,185,15910,0.0,0.0
2022-01-01,2022,1,Middle East & Africa,Electric Vehicle,57,12.0,42,2394,317.0,16013.0
2022-01-01,2022,1,Middle East & Africa,Hybrid Vehicle,105,22.0,95,9975,136.0,23642.0
2022-01-01,2022,1,Middle East & Africa,Public Transport,153,32.0,65,9945,303.0,15951.0
2022-01-01,2022,1,Middle East & Africa,Cycling/Walking,48,10.0,0,0,99.0,4689.0
2022-01-01,2022,1,Middle East & Africa,Car Sharing,28,6.0,78,2184,108.0,2267.0
2022-01-01,2022,1,Middle East & Africa,Conventional Vehicle,86,18.0,185,15910,0.0,0.0
2022-02-01,2022,2,North America,Electric Vehicle,58,12.3,42,2436,301.0,17139.0
2022-02-01,2022,2,North America,Hybrid Vehicle,106,22.3,95,10070,95.0,27736.0
2022-02-01,2022,2,North America,Public Transport,154,32.3,65,10010,238.0,20460.0
2022-02-01,2022,2,North America,Cycling/Walking,49,10.3,0,0,118.0,6134.0
2022-02-01,2022,2,North America,Car Sharing,28,5.8,78,2184,269.0,4082.0
2022-02-01,2022,2,North America,Conventional Vehicle,85,17.8,185,15725,0.0,0.0
2022-02-01,2022,2,Europe,Electric Vehicle,58,12.3,42,2436,133.0,3291.0
2022-02-01,2022,2,Europe,Hybrid Vehicle,106,22.3,95,10070,322.0,29236.0
2022-02-01,2022,2,Europe,Public Transport,154,32.3,65,10010,192.0,51263.0
2022-02-01,2022,2,Europe,Cycling/Walking,49,10.3,0,0,138.0,12368.0
2022-02-01,2022,2,Europe,Car Sharing,28,5.8,78,2184,142.0,4042.0
2022-02-01,2022,2,Europe,Conventional Vehicle,85,17.8,185,15725,0.0,0.0
2022-02-01,2022,2,Asia Pacific,Electric Vehicle,58,12.3,42,2436,303.0,16594.0
2022-02-01,2022,2,Asia Pacific,Hybrid Vehicle,106,22.3,95,10070,138.0,7888.0
2022-02-01,2022,2,Asia Pacific,Public Transport,154,32.3,65,10010,157.0,42815.0
2022-02-01,2022,2,Asia Pacific,Cycling/Walking,49,10.3,0,0,80.0,12330.0
2022-02-01,2022,2,Asia Pacific,Car Sharing,28,5.8,78,2184,317.0,2906.0
2022-02-01,2022,2,Asia Pacific,Conventional Vehicle,85,17.8,185,15725,0.0,0.0
2022-02-01,2022,2,Latin America,Electric Vehicle,58,12.3,42,2436,309.0,3794.0
2022-02-01,2022,2,Latin America,Hybrid Vehicle,106,22.3,95,10070,250.0,30455.0
2022-02-01,2022,2,Latin America,Public Transport,154,32.3,65,10010,183.0,17112.0
2022-02-01,2022,2,Latin America,Cycling/Walking,49,10.3,0,0,327.0,2744.0
2022-02-01,2022,2,Latin America,Car Sharing,28,5.8,78,2184,217.0,4532.0
2022-02-01,2022,2,Latin America,Conventional Vehicle,85,17.8,185,15725,0.0,0.0
2022-02-01,2022,2,Middle East & Africa,Electric Vehicle,58,12.3,42,2436,188.0,12236.0
2022-02-01,2022,2,Middle East & Africa,Hybrid Vehicle,106,22.3,95,10070,210.0,11775.0
2022-02-01,2022,2,Middle East & Africa,Public Transport,154,32.3,65,10010,254.0,8585.0
2022-02-01,2022,2,Middle East & Africa,Cycling/Walking,49,10.3,0,0,56.0,9484.0
2022-02-01,2022,2,Middle East & Africa,Car Sharing,28,5.8,78,2184,213.0,3709.0
2022-02-01,2022,2,Middle East & Africa,Conventional Vehicle,85,17.8,185,15725,0.0,0.0
2022-03-01,2022,3,North America,Electric Vehicle,59,12.5,42,2478,216.0,12085.0
2022-03-01,2022,3,North America,Hybrid Vehicle,107,22.5,95,10165,155.0,26272.0
2022-03-01,2022,3,North America,Public Transport,155,32.5,65,10075,337.0,30572.0
2022-03-01,2022,3,North America,Cycling/Walking,50,10.5,0,0,286.0,6214.0
2022-03-01,2022,3,North America,Car Sharing,27,5.7,78,2106,279.0,6606.0
2022-03-01,2022,3,North America,Conventional Vehicle,85,17.7,185,15725,0.0,0.0
2022-03-01,2022,3,Europe,Electric Vehicle,59,12.5,42,2478,242.0,18757.0
2022-03-01,2022,3,Europe,Hybrid Vehicle,107,22.5,95,10165,120.0,17177.0
2022-03-01,2022,3,Europe,Public Transport,155,32.5,65,10075,75.0,41515.0
2022-03-01,2022,3,Europe,Cycling/Walking,50,10.5,0,0,303.0,8588.0
2022-03-01,2022,3,Europe,Car Sharing,27,5.7,78,2106,157.0,6685.0
2022-03-01,2022,3,Europe,Conventional Vehicle,85,17.7,185,15725,0.0,0.0
2022-03-01,2022,3,Asia Pacific,Electric Vehicle,59,12.5,42,2478,73.0,8151.0
2022-03-01,2022,3,Asia Pacific,Hybrid Vehicle,107,22.5,95,10165,160.0,21997.0
2022-03-01,2022,3,Asia Pacific,Public Transport,155,32.5,65,10075,193.0,17454.0
2022-03-01,2022,3,Asia Pacific,Cycling/Walking,50,10.5,0,0,212.0,16388.0
2022-03-01,2022,3,Asia Pacific,Car Sharing,27,5.7,78,2106,58.0,6860.0
2022-03-01,2022,3,Asia Pacific,Conventional Vehicle,85,17.7,185,15725,0.0,0.0
2022-03-01,2022,3,Latin America,Electric Vehicle,59,12.5,42,2478,237.0,19312.0
2022-03-01,2022,3,Latin America,Hybrid Vehicle,107,22.5,95,10165,244.0,25407.0
2022-03-01,2022,3,Latin America,Public Transport,155,32.5,65,10075,281.0,20203.0
2022-03-01,2022,3,Latin America,Cycling/Walking,50,10.5,0,0,229.0,10291.0
2022-03-01,2022,3,Latin America,Car Sharing,27,5.7,78,2106,182.0,1994.0
2022-03-01,2022,3,Latin America,Conventional Vehicle,85,17.7,185,15725,0.0,0.0
2022-03-01,2022,3,Middle East & Africa,Electric Vehicle,59,12.5,42,2478,138.0,7906.0
2022-03-01,2022,3,Middle East & Africa,Hybrid Vehicle,107,22.5,95,10165,267.0,34903.0
2022-03-01,2022,3,Middle East & Africa,Public Transport,155,32.5,65,10075,119.0,11220.0
2022-03-01,2022,3,Middle East & Africa,Cycling/Walking,50,10.5,0,0,350.0,12868.0
2022-03-01,2022,3,Middle East & Africa,Car Sharing,27,5.7,78,2106,316.0,2515.0
2022-03-01,2022,3,Middle East & Africa,Conventional Vehicle,85,17.7,185,15725,0.0,0.0
2022-04-01,2022,4,North America,Electric Vehicle,61,12.7,42,2562,290.0,17934.0
2022-04-01,2022,4,North America,Hybrid Vehicle,109,22.7,95,10355,95.0,10728.0
2022-04-01,2022,4,North America,Public Transport,157,32.7,65,10205,139.0,18061.0
2022-04-01,2022,4,North America,Cycling/Walking,51,10.7,0,0,343.0,8103.0
2022-04-01,2022,4,North America,Car Sharing,26,5.6,78,2028,278.0,7579.0
2022-04-01,2022,4,North America,Conventional Vehicle,84,17.6,185,15540,0.0,0.0
2022-04-01,2022,4,Europe,Electric Vehicle,61,12.7,42,2562,166.0,15541.0
2022-04-01,2022,4,Europe,Hybrid Vehicle,109,22.7,95,10355,82.0,18431.0
2022-04-01,2022,4,Europe,Public Transport,157,32.7,65,10205,340.0,15788.0
2022-04-01,2022,4,Europe,Cycling/Walking,51,10.7,0,0,166.0,14645.0
2022-04-01,2022,4,Europe,Car Sharing,26,5.6,78,2028,250.0,6226.0
2022-04-01,2022,4,Europe,Conventional Vehicle,84,17.6,185,15540,0.0,0.0
2022-04-01,2022,4,Asia Pacific,Electric Vehicle,61,12.7,42,2562,306.0,3582.0
2022-04-01,2022,4,Asia Pacific,Hybrid Vehicle,109,22.7,95,10355,281.0,34309.0
2022-04-01,2022,4,Asia Pacific,Public Transport,157,32.7,65,10205,55.0,34177.0
2022-04-01,2022,4,Asia Pacific,Cycling/Walking,51,10.7,0,0,155.0,3327.0
2022-04-01,2022,4,Asia Pacific,Car Sharing,26,5.6,78,2028,175.0,6323.0
2022-04-01,2022,4,Asia Pacific,Conventional Vehicle,84,17.6,185,15540,0.0,0.0
2022-04-01,2022,4,Latin America,Electric Vehicle,61,12.7,42,2562,326.0,14406.0
2022-04-01,2022,4,Latin America,Hybrid Vehicle,109,22.7,95,10355,307.0,9425.0
2022-04-01,2022,4,Latin America,Public Transport,157,32.7,65,10205,113.0,53551.0
2022-04-01,2022,4,Latin America,Cycling/Walking,51,10.7,0,0,316.0,6149.0
2022-04-01,2022,4,Latin America,Car Sharing,26,5.6,78,2028,236.0,4129.0
2022-04-01,2022,4,Latin America,Conventional Vehicle,84,17.6,185,15540,0.0,0.0
2022-04-01,2022,4,Middle East & Africa,Electric Vehicle,61,12.7,42,2562,191.0,18804.0
2022-04-01,2022,4,Middle East & Africa,Hybrid Vehicle,109,22.7,95,10355,271.0,13247.0
2022-04-01,2022,4,Middle East & Africa,Public Transport,157,32.7,65,10205,145.0,21495.0
2022-04-01,2022,4,Middle East & Africa,Cycling/Walking,51,10.7,0,0,284.0,10048.0
2022-04-01,2022,4,Middle East & Africa,Car Sharing,26,5.6,78,2028,335.0,7670.0
2022-04-01,2022,4,Middle East & Africa,Conventional Vehicle,84,17.6,185,15540,0.0,0.0
2022-05-01,2022,5,North America,Electric Vehicle,62,13.0,42,2604,113.0,17719.0
2022-05-01,2022,5,North America,Hybrid Vehicle,110,23.0,95,10450,202.0,13872.0
2022-05-01,2022,5,North America,Public Transport,158,33.0,65,10270,159.0,53979.0
2022-05-01,2022,5,North America,Cycling/Walking,52,11.0,0,0,195.0,13826.0
2022-05-01,2022,5,North America,Car Sharing,25,5.4,78,1950,193.0,4037.0
2022-05-01,2022,5,North America,Conventional Vehicle,83,17.4,185,15355,0.0,0.0
2022-05-01,2022,5,Europe,Electric Vehicle,62,13.0,42,2604,289.0,18879.0
2022-05-01,2022,5,Europe,Hybrid Vehicle,110,23.0,95,10450,72.0,14706.0
2022-05-01,2022,5,Europe,Public Transport,158,33.0,65,10270,202.0,22902.0
2022-05-01,2022,5,Europe,Cycling/Walking,52,11.0,0,0,285.0,4390.0
2022-05-01,2022,5,Europe,Car Sharing,25,5.4,78,1950,289.0,5884.0
2022-05-01,2022,5,Europe,Conventional Vehicle,83,17.4,185,15355,0.0,0.0
2022-05-01,2022,5,Asia Pacific,Electric Vehicle,62,13.0,42,2604,137.0,9507.0
2022-05-01,2022,5,Asia Pacific,Hybrid Vehicle,110,23.0,95,10450,105.0,13835.0
2022-05-01,2022,5,Asia Pacific,Public Transport,158,33.0,65,10270,265.0,25717.0
2022-05-01,2022,5,Asia Pacific,Cycling/Walking,52,11.0,0,0,256.0,10620.0
2022-05-01,2022,5,Asia Pacific,Car Sharing,25,5.4,78,1950,94.0,4993.0
2022-05-01,2022,5,Asia Pacific,Conventional Vehicle,83,17.4,185,15355,0.0,0.0
2022-05-01,2022,5,Latin America,Electric Vehicle,62,13.0,42,2604,277.0,8637.0
2022-05-01,2022,5,Latin America,Hybrid Vehicle,110,23.0,95,10450,244.0,12068.0
2022-05-01,2022,5,Latin America,Public Transport,158,33.0,65,10270,91.0,24975.0
2022-05-01,2022,5,Latin America,Cycling/Walking,52,11.0,0,0,167.0,14472.0
2022-05-01,2022,5,Latin America,Car Sharing,25,5.4,78,1950,188.0,1859.0
2022-05-01,2022,5,Latin America,Conventional Vehicle,83,17.4,185,15355,0.0,0.0
2022-05-01,2022,5,Middle East & Africa,Electric Vehicle,62,13.0,42,2604,240.0,11828.0
2022-05-01,2022,5,Middle East & Africa,Hybrid Vehicle,110,23.0,95,10450,149.0,31973.0
2022-05-01,2022,5,Middle East & Africa,Public Transport,158,33.0,65,10270,96.0,51186.0
2022-05-01,2022,5,Middle East & Africa,Cycling/Walking,52,11.0,0,0,150.0,9791.0
2022-05-01,2022,5,Middle East & Africa,Car Sharing,25,5.4,78,1950,329.0,6959.0
2022-05-01,2022,5,Middle East & Africa,Conventional Vehicle,83,17.4,185,15355,0.0,0.0
2022-06-01,2022,6,North America,Electric Vehicle,63,13.2,42,2646,72.0,14080.0
2022-06-01,2022,6,North America,Hybrid Vehicle,111,23.2,95,10545,143.0,22483.0
2022-06-01,2022,6,North America,Public Transport,159,33.2,65,10335,273.0,31617.0
2022-06-01,2022,6,North America,Cycling/Walking,53,11.2,0,0,71.0,11077.0
2022-06-01,2022,6,North America,Car Sharing,25,5.3,78,1950,57.0,3863.0
2022-06-01,2022,6,North America,Conventional Vehicle,82,17.3,185,15170,0.0,0.0
2022-06-01,2022,6,Europe,Electric Vehicle,63,13.2,42,2646,193.0,15334.0
2022-06-01,2022,6,Europe,Hybrid Vehicle,111,23.2,95,10545,202.0,10610.0
2022-06-01,2022,6,Europe,Public Transport,159,33.2,65,10335,330.0,38969.0
2022-06-01,2022,6,Europe,Cycling/Walking,53,11.2,0,0,145.0,18008.0
2022-06-01,2022,6,Europe,Car Sharing,25,5.3,78,1950,315.0,2326.0
2022-06-01,2022,6,Europe,Conventional Vehicle,82,17.3,185,15170,0.0,0.0
2022-06-01,2022,6,Asia Pacific,Electric Vehicle,63,13.2,42,2646,247.0,13735.0
2022-06-01,2022,6,Asia Pacific,Hybrid Vehicle,111,23.2,95,10545,108.0,13325.0
2022-06-01,2022,6,Asia Pacific,Public Transport,159,33.2,65,10335,219.0,23275.0
2022-06-01,2022,6,Asia Pacific,Cycling/Walking,53,11.2,0,0,300.0,4204.0
2022-06-01,2022,6,Asia Pacific,Car Sharing,25,5.3,78,1950,324.0,7554.0
2022-06-01,2022,6,Asia Pacific,Conventional Vehicle,82,17.3,185,15170,0.0,0.0
2022-06-01,2022,6,Latin America,Electric Vehicle,63,13.2,42,2646,272.0,8113.0
2022-06-01,2022,6,Latin America,Hybrid Vehicle,111,23.2,95,10545,264.0,20161.0
2022-06-01,2022,6,Latin America,Public Transport,159,33.2,65,10335,240.0,22859.0
2022-06-01,2022,6,Latin America,Cycling/Walking,53,11.2,0,0,301.0,3295.0
2022-06-01,2022,6,Latin America,Car Sharing,25,5.3,78,1950,257.0,7465.0
2022-06-01,2022,6,Latin America,Conventional Vehicle,82,17.3,185,15170,0.0,0.0
2022-06-01,2022,6,Middle East & Africa,Electric Vehicle,63,13.2,42,2646,244.0,6779.0
2022-06-01,2022,6,Middle East & Africa,Hybrid Vehicle,111,23.2,95,10545,135.0,22696.0
2022-06-01,2022,6,Middle East & Africa,Public Transport,159,33.2,65,10335,149.0,8185.0
2022-06-01,2022,6,Middle East & Africa,Cycling/Walking,53,11.2,0,0,62.0,14858.0
2022-06-01,2022,6,Middle East & Africa,Car Sharing,25,5.3,78,1950,75.0,8210.0
2022-06-01,2022,6,Middle East & Africa,Conventional Vehicle,82,17.3,185,15170,0.0,0.0
2022-07-01,2022,7,North America,Electric Vehicle,64,13.5,42,2688,183.0,17757.0
2022-07-01,2022,7,North America,Hybrid Vehicle,112,23.5,95,10640,88.0,36731.0
2022-07-01,2022,7,North America,Public Transport,160,33.5,65,10400,60.0,10023.0
2022-07-01,2022,7,North America,Cycling/Walking,55,11.5,0,0,66.0,4456.0
2022-07-01,2022,7,North America,Car Sharing,24,5.1,78,1872,196.0,6876.0
2022-07-01,2022,7,North America,Conventional Vehicle,82,17.1,185,15170,0.0,0.0
2022-07-01,2022,7,Europe,Electric Vehicle,64,13.5,42,2688,135.0,17519.0
2022-07-01,2022,7,Europe,Hybrid Vehicle,112,23.5,95,10640,282.0,36118.0
2022-07-01,2022,7,Europe,Public Transport,160,33.5,65,10400,95.0,14506.0
2022-07-01,2022,7,Europe,Cycling/Walking,55,11.5,0,0,87.0,8679.0
2022-07-01,2022,7,Europe,Car Sharing,24,5.1,78,1872,197.0,4524.0
2022-07-01,2022,7,Europe,Conventional Vehicle,82,17.1,185,15170,0.0,0.0
2022-07-01,2022,7,Asia Pacific,Electric Vehicle,64,13.5,42,2688,127.0,15142.0
2022-07-01,2022,7,Asia Pacific,Hybrid Vehicle,112,23.5,95,10640,151.0,17900.0
2022-07-01,2022,7,Asia Pacific,Public Transport,160,33.5,65,10400,82.0,36427.0
2022-07-01,2022,7,Asia Pacific,Cycling/Walking,55,11.5,0,0,247.0,15256.0
2022-07-01,2022,7,Asia Pacific,Car Sharing,24,5.1,78,1872,321.0,6715.0
2022-07-01,2022,7,Asia Pacific,Conventional Vehicle,82,17.1,185,15170,0.0,0.0
2022-07-01,2022,7,Latin America,Electric Vehicle,64,13.5,42,2688,121.0,7725.0
2022-07-01,2022,7,Latin America,Hybrid Vehicle,112,23.5,95,10640,325.0,32148.0
2022-07-01,2022,7,Latin America,Public Transport,160,33.5,65,10400,285.0,42546.0
2022-07-01,2022,7,Latin America,Cycling/Walking,55,11.5,0,0,130.0,16732.0
2022-07-01,2022,7,Latin America,Car Sharing,24,5.1,78,1872,93.0,3720.0
2022-07-01,2022,7,Latin America,Conventional Vehicle,82,17.1,185,15170,0.0,0.0
2022-07-01,2022,7,Middle East & Africa,Electric Vehicle,64,13.5,42,2688,154.0,13955.0
2022-07-01,2022,7,Middle East & Africa,Hybrid Vehicle,112,23.5,95,10640,189.0,21050.0
2022-07-01,2022,7,Middle East & Africa,Public Transport,160,33.5,65,10400,216.0,27940.0
2022-07-01,2022,7,Middle East & Africa,Cycling/Walking,55,11.5,0,0,125.0,13708.0
2022-07-01,2022,7,Middle East & Africa,Car Sharing,24,5.1,78,1872,287.0,4649.0
2022-07-01,2022,7,Middle East & Africa,Conventional Vehicle,82,17.1,185,15170,0.0,0.0
2022-08-01,2022,8,North America,Electric Vehicle,65,13.7,42,2730,245.0,13690.0
2022-08-01,2022,8,North America,Hybrid Vehicle,113,23.7,95,10735,68.0,19993.0
2022-08-01,2022,8,North America,Public Transport,161,33.7,65,10465,53.0,40019.0
2022-08-01,2022,8,North America,Cycling/Walking,56,11.7,0,0,202.0,4931.0
2022-08-01,2022,8,North America,Car Sharing,23,5.0,78,1794,213.0,7349.0
2022-08-01,2022,8,North America,Conventional Vehicle,81,17.0,185,14985,0.0,0.0
2022-08-01,2022,8,Europe,Electric Vehicle,65,13.7,42,2730,152.0,22406.0
2022-08-01,2022,8,Europe,Hybrid Vehicle,113,23.7,95,10735,338.0,32272.0
2022-08-01,2022,8,Europe,Public Transport,161,33.7,65,10465,294.0,27879.0
2022-08-01,2022,8,Europe,Cycling/Walking,56,11.7,0,0,171.0,18834.0
2022-08-01,2022,8,Europe,Car Sharing,23,5.0,78,1794,160.0,1818.0
2022-08-01,2022,8,Europe,Conventional Vehicle,81,17.0,185,14985,0.0,0.0
2022-08-01,2022,8,Asia Pacific,Electric Vehicle,65,13.7,42,2730,96.0,17103.0
2022-08-01,2022,8,Asia Pacific,Hybrid Vehicle,113,23.7,95,10735,165.0,12408.0
2022-08-01,2022,8,Asia Pacific,Public Transport,161,33.7,65,10465,294.0,31653.0
2022-08-01,2022,8,Asia Pacific,Cycling/Walking,56,11.7,0,0,220.0,5386.0
2022-08-01,2022,8,Asia Pacific,Car Sharing,23,5.0,78,1794,108.0,2018.0
2022-08-01,2022,8,Asia Pacific,Conventional Vehicle,81,17.0,185,14985,0.0,0.0
2022-08-01,2022,8,Latin America,Electric Vehicle,65,13.7,42,2730,204.0,18375.0
2022-08-01,2022,8,Latin America,Hybrid Vehicle,113,23.7,95,10735,270.0,14506.0
2022-08-01,2022,8,Latin America,Public Transport,161,33.7,65,10465,305.0,13153.0
2022-08-01,2022,8,Latin America,Cycling/Walking,56,11.7,0,0,84.0,17068.0
2022-08-01,2022,8,Latin America,Car Sharing,23,5.0,78,1794,123.0,6036.0
2022-08-01,2022,8,Latin America,Conventional Vehicle,81,17.0,185,14985,0.0,0.0
2022-08-01,2022,8,Middle East & Africa,Electric Vehicle,65,13.7,42,2730,53.0,5075.0
2022-08-01,2022,8,Middle East & Africa,Hybrid Vehicle,113,23.7,95,10735,233.0,11834.0
2022-08-01,2022,8,Middle East & Africa,Public Transport,161,33.7,65,10465,58.0,30604.0
2022-08-01,2022,8,Middle East & Africa,Cycling/Walking,56,11.7,0,0,149.0,16278.0
2022-08-01,2022,8,Middle East & Africa,Car Sharing,23,5.0,78,1794,296.0,5390.0
2022-08-01,2022,8,Middle East & Africa,Conventional Vehicle,81,17.0,185,14985,0.0,0.0
2022-09-01,2022,9,North America,Electric Vehicle,67,14.0,42,2814,138.0,12629.0
2022-09-01,2022,9,North America,Hybrid Vehicle,115,24.0,95,10925,261.0,8141.0
2022-09-01,2022,9,North America,Public Transport,163,34.0,65,10595,150.0,48364.0
2022-09-01,2022,9,North America,Cycling/Walking,57,12.0,0,0,172.0,13532.0
2022-09-01,2022,9,North America,Car Sharing,23,4.8,78,1794,79.0,6512.0
2022-09-01,2022,9,North America,Conventional Vehicle,80,16.8,185,14800,0.0,0.0
2022-09-01,2022,9,Europe,Electric Vehicle,67,14.0,42,2814,80.0,20667.0
2022-09-01,2022,9,Europe,Hybrid Vehicle,115,24.0,95,10925,82.0,36486.0
2022-09-01,2022,9,Europe,Public Transport,163,34.0,65,10595,159.0,38690.0
2022-09-01,2022,9,Europe,Cycling/Walking,57,12.0,0,0,304.0,3025.0
2022-09-01,2022,9,Europe,Car Sharing,23,4.8,78,1794,130.0,7418.0
2022-09-01,2022,9,Europe,Conventional Vehicle,80,16.8,185,14800,0.0,0.0
2022-09-01,2022,9,Asia Pacific,Electric Vehicle,67,14.0,42,2814,166.0,17548.0
2022-09-01,2022,9,Asia Pacific,Hybrid Vehicle,115,24.0,95,10925,92.0,29154.0
2022-09-01,2022,9,Asia Pacific,Public Transport,163,34.0,65,10595,72.0,43227.0
2022-09-01,2022,9,Asia Pacific,Cycling/Walking,57,12.0,0,0,147.0,10816.0
2022-09-01,2022,9,Asia Pacific,Car Sharing,23,4.8,78,1794,100.0,5482.0
2022-09-01,2022,9,Asia Pacific,Conventional Vehicle,80,16.8,185,14800,0.0,0.0
2022-09-01,2022,9,Latin America,Electric Vehicle,67,14.0,42,2814,151.0,11056.0
2022-09-01,2022,9,Latin America,Hybrid Vehicle,115,24.0,95,10925,246.0,11921.0
2022-09-01,2022,9,Latin America,Public Transport,163,34.0,65,10595,306.0,44301.0
2022-09-01,2022,9,Latin America,Cycling/Walking,57,12.0,0,0,223.0,5044.0
2022-09-01,2022,9,Latin America,Car Sharing,23,4.8,78,1794,256.0,1275.0
2022-09-01,2022,9,Latin America,Conventional Vehicle,80,16.8,185,14800,0.0,0.0
2022-09-01,2022,9,Middle East & Africa,Electric Vehicle,67,14.0,42,2814,291.0,9456.0
2022-09-01,2022,9,Middle East & Africa,Hybrid Vehicle,115,24.0,95,10925,85.0,11425.0
2022-09-01,2022,9,Middle East & Africa,Public Transport,163,34.0,65,10595,339.0,45990.0
2022-09-01,2022,9,Middle East & Africa,Cycling/Walking,57,12.0,0,0,121.0,19325.0
2022-09-01,2022,9,Middle East & Africa,Car Sharing,23,4.8,78,1794,92.0,6211.0
2022-09-01,2022,9,Middle East & Africa,Conventional Vehicle,80,16.8,185,14800,0.0,0.0
2022-10-01,2022,10,North America,Electric Vehicle,68,14.2,42,2856,247.0,20158.0
2022-10-01,2022,10,North America,Hybrid Vehicle,116,24.2,95,11020,165.0,19784.0
2022-10-01,2022,10,North America,Public Transport,164,34.2,65,10660,237.0,27792.0
2022-10-01,2022,10,North America,Cycling/Walking,58,12.2,0,0,62.0,15597.0
2022-10-01,2022,10,North America,Car Sharing,22,4.7,78,1716,242.0,3897.0
2022-10-01,2022,10,North America,Conventional Vehicle,79,16.7,185,14615,0.0,0.0
2022-10-01,2022,10,Europe,Electric Vehicle,68,14.2,42,2856,141.0,9943.0
2022-10-01,2022,10,Europe,Hybrid Vehicle,116,24.2,95,11020,272.0,31175.0
2022-10-01,2022,10,Europe,Public Transport,164,34.2,65,10660,296.0,45699.0
2022-10-01,2022,10,Europe,Cycling/Walking,58,12.2,0,0,277.0,7281.0
2022-10-01,2022,10,Europe,Car Sharing,22,4.7,78,1716,80.0,6128.0
2022-10-01,2022,10,Europe,Conventional Vehicle,79,16.7,185,14615,0.0,0.0
2022-10-01,2022,10,Asia Pacific,Electric Vehicle,68,14.2,42,2856,80.0,23435.0
2022-10-01,2022,10,Asia Pacific,Hybrid Vehicle,116,24.2,95,11020,313.0,24364.0
2022-10-01,2022,10,Asia Pacific,Public Transport,164,34.2,65,10660,156.0,34121.0
2022-10-01,2022,10,Asia Pacific,Cycling/Walking,58,12.2,0,0,270.0,16060.0
2022-10-01,2022,10,Asia Pacific,Car Sharing,22,4.7,78,1716,72.0,6412.0
2022-10-01,2022,10,Asia Pacific,Conventional Vehicle,79,16.7,185,14615,0.0,0.0
2022-10-01,2022,10,Latin America,Electric Vehicle,68,14.2,42,2856,242.0,4228.0
2022-10-01,2022,10,Latin America,Hybrid Vehicle,116,24.2,95,11020,144.0,23570.0
2022-10-01,2022,10,Latin America,Public Transport,164,34.2,65,10660,107.0,15838.0
2022-10-01,2022,10,Latin America,Cycling/Walking,58,12.2,0,0,54.0,18761.0
2022-10-01,2022,10,Latin America,Car Sharing,22,4.7,78,1716,67.0,3516.0
2022-10-01,2022,10,Latin America,Conventional Vehicle,79,16.7,185,14615,0.0,0.0
2022-10-01,2022,10,Middle East & Africa,Electric Vehicle,68,14.2,42,2856,112.0,18517.0
2022-10-01,2022,10,Middle East & Africa,Hybrid Vehicle,116,24.2,95,11020,262.0,33857.0
2022-10-01,2022,10,Middle East & Africa,Public Transport,164,34.2,65,10660,235.0,37309.0
2022-10-01,2022,10,Middle East & Africa,Cycling/Walking,58,12.2,0,0,172.0,13973.0
2022-10-01,2022,10,Middle East & Africa,Car Sharing,22,4.7,78,1716,85.0,5618.0
2022-10-01,2022,10,Middle East & Africa,Conventional Vehicle,79,16.7,185,14615,0.0,0.0
2022-11-01,2022,11,North America,Electric Vehicle,69,14.5,42,2898,81.0,21288.0
2022-11-01,2022,11,North America,Hybrid Vehicle,117,24.5,95,11115,202.0,24466.0
2022-11-01,2022,11,North America,Public Transport,165,34.5,65,10725,225.0,46665.0
2022-11-01,2022,11,North America,Cycling/Walking,59,12.5,0,0,194.0,10518.0
2022-11-01,2022,11,North America,Car Sharing,21,4.5,78,1638,137.0,1857.0
2022-11-01,2022,11,North America,Conventional Vehicle,79,16.5,185,14615,0.0,0.0
2022-11-01,2022,11,Europe,Electric Vehicle,69,14.5,42,2898,107.0,3461.0
2022-11-01,2022,11,Europe,Hybrid Vehicle,117,24.5,95,11115,311.0,32700.0
2022-11-01,2022,11,Europe,Public Transport,165,34.5,65,10725,116.0,8368.0
2022-11-01,2022,11,Europe,Cycling/Walking,59,12.5,0,0,198.0,10253.0
2022-11-01,2022,11,Europe,Car Sharing,21,4.5,78,1638,283.0,3588.0
2022-11-01,2022,11,Europe,Conventional Vehicle,79,16.5,185,14615,0.0,0.0
2022-11-01,2022,11,Asia Pacific,Electric Vehicle,69,14.5,42,2898,309.0,5434.0
2022-11-01,2022,11,Asia Pacific,Hybrid Vehicle,117,24.5,95,11115,160.0,38631.0
2022-11-01,2022,11,Asia Pacific,Public Transport,165,34.5,65,10725,54.0,27594.0
2022-11-01,2022,11,Asia Pacific,Cycling/Walking,59,12.5,0,0,128.0,12364.0
2022-11-01,2022,11,Asia Pacific,Car Sharing,21,4.5,78,1638,134.0,6530.0
2022-11-01,2022,11,Asia Pacific,Conventional Vehicle,79,16.5,185,14615,0.0,0.0
2022-11-01,2022,11,Latin America,Electric Vehicle,69,14.5,42,2898,331.0,21027.0
2022-11-01,2022,11,Latin America,Hybrid Vehicle,117,24.5,95,11115,170.0,40597.0
2022-11-01,2022,11,Latin America,Public Transport,165,34.5,65,10725,271.0,25853.0
2022-11-01,2022,11,Latin America,Cycling/Walking,59,12.5,0,0,78.0,14757.0
2022-11-01,2022,11,Latin America,Car Sharing,21,4.5,78,1638,269.0,1821.0
2022-11-01,2022,11,Latin America,Conventional Vehicle,79,16.5,185,14615,0.0,0.0
2022-11-01,2022,11,Middle East & Africa,Electric Vehicle,69,14.5,42,2898,215.0,23883.0
2022-11-01,2022,11,Middle East & Africa,Hybrid Vehicle,117,24.5,95,11115,148.0,16447.0
2022-11-01,2022,11,Middle East & Africa,Public Transport,165,34.5,65,10725,321.0,14062.0
2022-11-01,2022,11,Middle East & Africa,Cycling/Walking,59,12.5,0,0,330.0,16747.0
2022-11-01,2022,11,Middle East & Africa,Car Sharing,21,4.5,78,1638,167.0,1576.0
2022-11-01,2022,11,Middle East & Africa,Conventional Vehicle,79,16.5,185,14615,0.0,0.0
2022-12-01,2022,12,North America,Electric Vehicle,70,14.7,42,2940,56.0,11392.0
2022-12-01,2022,12,North America,Hybrid Vehicle,118,24.7,95,11210,262.0,23159.0
2022-12-01,2022,12,North America,Public Transport,166,34.7,65,10790,272.0,41694.0
2022-12-01,2022,12,North America,Cycling/Walking,61,12.7,0,0,222.0,20755.0
2022-12-01,2022,12,North America,Car Sharing,20,4.4,78,1560,269.0,6488.0
2022-12-01,2022,12,North America,Conventional Vehicle,78,16.4,185,14430,0.0,0.0
2022-12-01,2022,12,Europe,Electric Vehicle,70,14.7,42,2940,123.0,18486.0
2022-12-01,2022,12,Europe,Hybrid Vehicle,118,24.7,95,11210,229.0,38620.0
2022-12-01,2022,12,Europe,Public Transport,166,34.7,65,10790,203.0,22226.0
2022-12-01,2022,12,Europe,Cycling/Walking,61,12.7,0,0,165.0,7055.0
2022-12-01,2022,12,Europe,Car Sharing,20,4.4,78,1560,116.0,3823.0
2022-12-01,2022,12,Europe,Conventional Vehicle,78,16.4,185,14430,0.0,0.0
2022-12-01,2022,12,Asia Pacific,Electric Vehicle,70,14.7,42,2940,318.0,7529.0
2022-12-01,2022,12,Asia Pacific,Hybrid Vehicle,118,24.7,95,11210,136.0,36096.0
2022-12-01,2022,12,Asia Pacific,Public Transport,166,34.7,65,10790,152.0,56228.0
2022-12-01,2022,12,Asia Pacific,Cycling/Walking,61,12.7,0,0,131.0,11141.0
2022-12-01,2022,12,Asia Pacific,Car Sharing,20,4.4,78,1560,79.0,6953.0
2022-12-01,2022,12,Asia Pacific,Conventional Vehicle,78,16.4,185,14430,0.0,0.0
2022-12-01,2022,12,Latin America,Electric Vehicle,70,14.7,42,2940,317.0,20669.0
2022-12-01,2022,12,Latin America,Hybrid Vehicle,118,24.7,95,11210,97.0,40215.0
2022-12-01,2022,12,Latin America,Public Transport,166,34.7,65,10790,329.0,29996.0
2022-12-01,2022,12,Latin America,Cycling/Walking,61,12.7,0,0,254.0,21212.0
2022-12-01,2022,12,Latin America,Car Sharing,20,4.4,78,1560,173.0,1678.0
2022-12-01,2022,12,Latin America,Conventional Vehicle,78,16.4,185,14430,0.0,0.0
2022-12-01,2022,12,Middle East & Africa,Electric Vehicle,70,14.7,42,2940,310.0,13506.0
2022-12-01,2022,12,Middle East & Africa,Hybrid Vehicle,118,24.7,95,11210,346.0,25402.0
2022-12-01,2022,12,Middle East & Africa,Public Transport,166,34.7,65,10790,59.0,32788.0
2022-12-01,2022,12,Middle East & Africa,Cycling/Walking,61,12.7,0,0,265.0,3526.0
2022-12-01,2022,12,Middle East & Africa,Car Sharing,20,4.4,78,1560,174.0,1933.0
2022-12-01,2022,12,Middle East & Africa,Conventional Vehicle,78,16.4,185,14430,0.0,0.0
2023-01-01,2023,1,North America,Electric Vehicle,71,15.0,42,2982,243.0,23941.0
2023-01-01,2023,1,North America,Hybrid Vehicle,119,25.0,95,11305,237.0,30757.0
2023-01-01,2023,1,North America,Public Transport,167,35.0,65,10855,169.0,36563.0
2023-01-01,2023,1,North America,Cycling/Walking,62,13.0,0,0,213.0,17229.0
2023-01-01,2023,1,North America,Car Sharing,20,4.2,78,1560,307.0,4977.0
2023-01-01,2023,1,North America,Conventional Vehicle,77,16.2,185,14245,0.0,0.0
2023-01-01,2023,1,Europe,Electric Vehicle,71,15.0,42,2982,344.0,21193.0
2023-01-01,2023,1,Europe,Hybrid Vehicle,119,25.0,95,11305,87.0,24067.0
2023-01-01,2023,1,Europe,Public Transport,167,35.0,65,10855,321.0,55641.0
2023-01-01,2023,1,Europe,Cycling/Walking,62,13.0,0,0,164.0,16598.0
2023-01-01,2023,1,Europe,Car Sharing,20,4.2,78,1560,173.0,1742.0
2023-01-01,2023,1,Europe,Conventional Vehicle,77,16.2,185,14245,0.0,0.0
2023-01-01,2023,1,Asia Pacific,Electric Vehicle,71,15.0,42,2982,315.0,23401.0
2023-01-01,2023,1,Asia Pacific,Hybrid Vehicle,119,25.0,95,11305,201.0,6604.0
2023-01-01,2023,1,Asia Pacific,Public Transport,167,35.0,65,10855,295.0,32246.0
2023-01-01,2023,1,Asia Pacific,Cycling/Walking,62,13.0,0,0,73.0,6623.0
2023-01-01,2023,1,Asia Pacific,Car Sharing,20,4.2,78,1560,96.0,5118.0
2023-01-01,2023,1,Asia Pacific,Conventional Vehicle,77,16.2,185,14245,0.0,0.0
2023-01-01,2023,1,Latin America,Electric Vehicle,71,15.0,42,2982,140.0,6270.0
2023-01-01,2023,1,Latin America,Hybrid Vehicle,119,25.0,95,11305,325.0,40098.0
2023-01-01,2023,1,Latin America,Public Transport,167,35.0,65,10855,92.0,19885.0
2023-01-01,2023,1,Latin America,Cycling/Walking,62,13.0,0,0,228.0,5899.0
2023-01-01,2023,1,Latin America,Car Sharing,20,4.2,78,1560,98.0,3019.0
2023-01-01,2023,1,Latin America,Conventional Vehicle,77,16.2,185,14245,0.0,0.0
2023-01-01,2023,1,Middle East & Africa,Electric Vehicle,71,15.0,42,2982,335.0,24050.0
2023-01-01,2023,1,Middle East & Africa,Hybrid Vehicle,119,25.0,95,11305,303.0,30787.0
2023-01-01,2023,1,Middle East & Africa,Public Transport,167,35.0,65,10855,266.0,31876.0
2023-01-01,2023,1,Middle East & Africa,Cycling/Walking,62,13.0,0,0,209.0,14901.0
2023-01-01,2023,1,Middle East & Africa,Car Sharing,20,4.2,78,1560,269.0,1581.0
2023-01-01,2023,1,Middle East & Africa,Conventional Vehicle,77,16.2,185,14245,0.0,0.0
2023-02-01,2023,2,North America,Electric Vehicle,73,15.3,42,3066,117.0,24738.0
2023-02-01,2023,2,North America,Hybrid Vehicle,121,25.3,95,11495,151.0,15796.0
2023-02-01,2023,2,North America,Public Transport,169,35.3,65,10985,177.0,23200.0
2023-02-01,2023,2,North America,Cycling/Walking,63,13.3,0,0,77.0,7080.0
2023-02-01,2023,2,North America,Car Sharing,19,4.0,78,1482,242.0,2222.0
2023-02-01,2023,2,North America,Conventional Vehicle,77,16.0,185,14245,0.0,0.0
2023-02-01,2023,2,Europe,Electric Vehicle,73,15.3,42,3066,244.0,5842.0
2023-02-01,2023,2,Europe,Hybrid Vehicle,121,25.3,95,11495,63.0,37325.0
2023-02-01,2023,2,Europe,Public Transport,169,35.3,65,10985,278.0,42218.0
2023-02-01,2023,2,Europe,Cycling/Walking,63,13.3,0,0,59.0,7674.0
2023-02-01,2023,2,Europe,Car Sharing,19,4.0,78,1482,294.0,1775.0
2023-02-01,2023,2,Europe,Conventional Vehicle,77,16.0,185,14245,0.0,0.0
2023-02-01,2023,2,Asia Pacific,Electric Vehicle,73,15.3,42,3066,294.0,16445.0
2023-02-01,2023,2,Asia Pacific,Hybrid Vehicle,121,25.3,95,11495,272.0,29446.0
2023-02-01,2023,2,Asia Pacific,Public Transport,169,35.3,65,10985,175.0,23253.0
2023-02-01,2023,2,Asia Pacific,Cycling/Walking,63,13.3,0,0,252.0,18401.0
2023-02-01,2023,2,Asia Pacific,Car Sharing,19,4.0,78,1482,63.0,3115.0
2023-02-01,2023,2,Asia Pacific,Conventional Vehicle,77,16.0,185,14245,0.0,0.0
2023-02-01,2023,2,Latin America,Electric Vehicle,73,15.3,42,3066,155.0,15902.0
2023-02-01,2023,2,Latin America,Hybrid Vehicle,121,25.3,95,11495,84.0,39933.0
2023-02-01,2023,2,Latin America,Public Transport,169,35.3,65,10985,215.0,55284.0
2023-02-01,2023,2,Latin America,Cycling/Walking,63,13.3,0,0,295.0,6772.0
2023-02-01,2023,2,Latin America,Car Sharing,19,4.0,78,1482,90.0,5859.0
2023-02-01,2023,2,Latin America,Conventional Vehicle,77,16.0,185,14245,0.0,0.0
2023-02-01,2023,2,Middle East & Africa,Electric Vehicle,73,15.3,42,3066,211.0,4082.0
2023-02-01,2023,2,Middle East & Africa,Hybrid Vehicle,121,25.3,95,11495,330.0,23221.0
2023-02-01,2023,2,Middle East & Africa,Public Transport,169,35.3,65,10985,140.0,34642.0
2023-02-01,2023,2,Middle East & Africa,Cycling/Walking,63,13.3,0,0,297.0,5235.0
2023-02-01,2023,2,Middle East & Africa,Car Sharing,19,4.0,78,1482,158.0,2768.0
2023-02-01,2023,2,Middle East & Africa,Conventional Vehicle,77,16.0,185,14245,0.0,0.0
2023-03-01,2023,3,North America,Electric Vehicle,74,15.5,42,3108,302.0,20982.0
2023-03-01,2023,3,North America,Hybrid Vehicle,122,25.5,95,11590,170.0,30420.0
2023-03-01,2023,3,North America,Public Transport,170,35.5,65,11050,168.0,37637.0
2023-03-01,2023,3,North America,Cycling/Walking,64,13.5,0,0,347.0,13483.0
2023-03-01,2023,3,North America,Car Sharing,18,3.9,78,1404,347.0,4935.0
2023-03-01,2023,3,North America,Conventional Vehicle,76,15.9,185,14060,0.0,0.0
2023-03-01,2023,3,Europe,Electric Vehicle,74,15.5,42,3108,86.0,21370.0
2023-03-01,2023,3,Europe,Hybrid Vehicle,122,25.5,95,11590,98.0,25583.0
2023-03-01,2023,3,Europe,Public Transport,170,35.5,65,11050,234.0,54004.0
2023-03-01,2023,3,Europe,Cycling/Walking,64,13.5,0,0,113.0,20018.0
2023-03-01,2023,3,Europe,Car Sharing,18,3.9,78,1404,330.0,1383.0
2023-03-01,2023,3,Europe,Conventional Vehicle,76,15.9,185,14060,0.0,0.0
2023-03-01,2023,3,Asia Pacific,Electric Vehicle,74,15.5,42,3108,316.0,9454.0
2023-03-01,2023,3,Asia Pacific,Hybrid Vehicle,122,25.5,95,11590,74.0,41184.0
2023-03-01,2023,3,Asia Pacific,Public Transport,170,35.5,65,11050,168.0,40272.0
2023-03-01,2023,3,Asia Pacific,Cycling/Walking,64,13.5,0,0,216.0,7293.0
2023-03-01,2023,3,Asia Pacific,Car Sharing,18,3.9,78,1404,251.0,1149.0
2023-03-01,2023,3,Asia Pacific,Conventional Vehicle,76,15.9,185,14060,0.0,0.0
2023-03-01,2023,3,Latin America,Electric Vehicle,74,15.5,42,3108,111.0,24672.0
2023-03-01,2023,3,Latin America,Hybrid Vehicle,122,25.5,95,11590,336.0,23765.0
2023-03-01,2023,3,Latin America,Public Transport,170,35.5,65,11050,101.0,30003.0
2023-03-01,2023,3,Latin America,Cycling/Walking,64,13.5,0,0,313.0,4549.0
2023-03-01,2023,3,Latin America,Car Sharing,18,3.9,78,1404,88.0,5737.0
2023-03-01,2023,3,Latin America,Conventional Vehicle,76,15.9,185,14060,0.0,0.0
2023-03-01,2023,3,Middle East & Africa,Electric Vehicle,74,15.5,42,3108,175.0,5553.0
2023-03-01,2023,3,Middle East & Africa,Hybrid Vehicle,122,25.5,95,11590,92.0,38398.0
2023-03-01,2023,3,Middle East & Africa,Public Transport,170,35.5,65,11050,197.0,16813.0
2023-03-01,2023,3,Middle East & Africa,Cycling/Walking,64,13.5,0,0,318.0,19429.0
2023-03-01,2023,3,Middle East & Africa,Car Sharing,18,3.9,78,1404,57.0,4037.0
2023-03-01,2023,3,Middle East & Africa,Conventional Vehicle,76,15.9,185,14060,0.0,0.0
2023-04-01,2023,4,North America,Electric Vehicle,75,15.7,42,3150,123.0,15746.0
2023-04-01,2023,4,North America,Hybrid Vehicle,123,25.7,95,11685,134.0,17806.0
2023-04-01,2023,4,North America,Public Transport,171,35.7,65,11115,231.0,36193.0
2023-04-01,2023,4,North America,Cycling/Walking,65,13.7,0,0,169.0,5348.0
2023-04-01,2023,4,North America,Car Sharing,18,3.8,78,1404,341.0,1843.0
2023-04-01,2023,4,North America,Conventional Vehicle,75,15.8,185,13875,0.0,0.0
2023-04-01,2023,4,Europe,Electric Vehicle,75,15.7,42,3150,240.0,5612.0
2023-04-01,2023,4,Europe,Hybrid Vehicle,123,25.7,95,11685,256.0,9650.0
2023-04-01,2023,4,Europe,Public Transport,171,35.7,65,11115,119.0,41740.0
2023-04-01,2023,4,Europe,Cycling/Walking,65,13.7,0,0,135.0,13641.0
2023-04-01,2023,4,Europe,Car Sharing,18,3.8,78,1404,87.0,1993.0
2023-04-01,2023,4,Europe,Conventional Vehicle,75,15.8,185,13875,0.0,0.0
2023-04-01,2023,4,Asia Pacific,Electric Vehicle,75,15.7,42,3150,270.0,4541.0
2023-04-01,2023,4,Asia Pacific,Hybrid Vehicle,123,25.7,95,11685,84.0,14082.0
2023-04-01,2023,4,Asia Pacific,Public Transport,171,35.7,65,11115,56.0,13443.0
2023-04-01,2023,4,Asia Pacific,Cycling/Walking,65,13.7,0,0,134.0,5062.0
2023-04-01,2023,4,Asia Pacific,Car Sharing,18,3.8,78,1404,310.0,1257.0
2023-04-01,2023,4,Asia Pacific,Conventional Vehicle,75,15.8,185,13875,0.0,0.0
2023-04-01,2023,4,Latin America,Electric Vehicle,75,15.7,42,3150,308.0,22264.0
2023-04-01,2023,4,Latin America,Hybrid Vehicle,123,25.7,95,11685,80.0,7080.0
2023-04-01,2023,4,Latin America,Public Transport,171,35.7,65,11115,65.0,38836.0
2023-04-01,2023,4,Latin America,Cycling/Walking,65,13.7,0,0,251.0,15353.0
2023-04-01,2023,4,Latin America,Car Sharing,18,3.8,78,1404,212.0,1843.0
2023-04-01,2023,4,Latin America,Conventional Vehicle,75,15.8,185,13875,0.0,0.0
2023-04-01,2023,4,Middle East & Africa,Electric Vehicle,75,15.7,42,3150,302.0,11120.0
2023-04-01,2023,4,Middle East & Africa,Hybrid Vehicle,123,25.7,95,11685,346.0,20351.0
2023-04-01,2023,4,Middle East & Africa,Public Transport,171,35.7,65,11115,129.0,54425.0
2023-04-01,2023,4,Middle East & Africa,Cycling/Walking,65,13.7,0,0,220.0,17326.0
2023-04-01,2023,4,Middle East & Africa,Car Sharing,18,3.8,78,1404,173.0,5689.0
2023-04-01,2023,4,Middle East & Africa,Conventional Vehicle,75,15.8,185,13875,0.0,0.0
2023-05-01,2023,5,North America,Electric Vehicle,76,16.0,42,3192,325.0,13758.0
2023-05-01,2023,5,North America,Hybrid Vehicle,124,26.0,95,11780,122.0,30293.0
2023-05-01,2023,5,North America,Public Transport,172,36.0,65,11180,336.0,40718.0
2023-05-01,2023,5,North America,Cycling/Walking,67,14.0,0,0,336.0,10261.0
2023-05-01,2023,5,North America,Car Sharing,17,3.6,78,1326,325.0,1424.0
2023-05-01,2023,5,North America,Conventional Vehicle,74,15.6,185,13690,0.0,0.0
2023-05-01,2023,5,Europe,Electric Vehicle,76,16.0,42,3192,158.0,15074.0
2023-05-01,2023,5,Europe,Hybrid Vehicle,124,26.0,95,11780,246.0,17142.0
2023-05-01,2023,5,Europe,Public Transport,172,36.0,65,11180,327.0,55220.0
2023-05-01,2023,5,Europe,Cycling/Walking,67,14.0,0,0,290.0,5649.0
2023-05-01,2023,5,Europe,Car Sharing,17,3.6,78,1326,73.0,3390.0
2023-05-01,2023,5,Europe,Conventional Vehicle,74,15.6,185,13690,0.0,0.0
2023-05-01,2023,5,Asia Pacific,Electric Vehicle,76,16.0,42,3192,280.0,6610.0
2023-05-01,2023,5,Asia Pacific,Hybrid Vehicle,124,26.0,95,11780,242.0,25836.0
2023-05-01,2023,5,Asia Pacific,Public Transport,172,36.0,65,11180,268.0,31065.0
2023-05-01,2023,5,Asia Pacific,Cycling/Walking,67,14.0,0,0,258.0,6558.0
2023-05-01,2023,5,Asia Pacific,Car Sharing,17,3.6,78,1326,114.0,5457.0
2023-05-01,2023,5,Asia Pacific,Conventional Vehicle,74,15.6,185,13690,0.0,0.0
2023-05-01,2023,5,Latin America,Electric Vehicle,76,16.0,42,3192,149.0,26270.0
2023-05-01,2023,5,Latin America,Hybrid Vehicle,124,26.0,95,11780,64.0,24647.0
2023-05-01,2023,5,Latin America,Public Transport,172,36.0,65,11180,147.0,59992.0
2023-05-01,2023,5,Latin America,Cycling/Walking,67,14.0,0,0,347.0,8078.0
2023-05-01,2023,5,Latin America,Car Sharing,17,3.6,78,1326,130.0,4673.0
2023-05-01,2023,5,Latin America,Conventional Vehicle,74,15.6,185,13690,0.0,0.0
2023-05-01,2023,5,Middle East & Africa,Electric Vehicle,76,16.0,42,3192,317.0,18932.0
2023-05-01,2023,5,Middle East & Africa,Hybrid Vehicle,124,26.0,95,11780,309.0,8554.0
2023-05-01,2023,5,Middle East & Africa,Public Transport,172,36.0,65,11180,242.0,44729.0
2023-05-01,2023,5,Middle East & Africa,Cycling/Walking,67,14.0,0,0,107.0,18987.0
2023-05-01,2023,5,Middle East & Africa,Car Sharing,17,3.6,78,1326,333.0,5430.0
2023-05-01,2023,5,Middle East & Africa,Conventional Vehicle,74,15.6,185,13690,0.0,0.0
2023-06-01,2023,6,North America,Electric Vehicle,77,16.2,42,3234,123.0,11334.0
2023-06-01,2023,6,North America,Hybrid Vehicle,125,26.2,95,11875,200.0,12189.0
2023-06-01,2023,6,North America,Public Transport,173,36.2,65,11245,336.0,17037.0
2023-06-01,2023,6,North America,Cycling/Walking,68,14.2,0,0,278.0,10365.0
2023-06-01,2023,6,North America,Car Sharing,16,3.5,78,1248,222.0,1026.0
2023-06-01,2023,6,North America,Conventional Vehicle,74,15.5,185,13690,0.0,0.0
2023-06-01,2023,6,Europe,Electric Vehicle,77,16.2,42,3234,112.0,14115.0
2023-06-01,2023,6,Europe,Hybrid Vehicle,125,26.2,95,11875,253.0,35409.0
2023-06-01,2023,6,Europe,Public Transport,173,36.2,65,11245,59.0,16564.0
2023-06-01,2023,6,Europe,Cycling/Walking,68,14.2,0,0,269.0,19986.0
2023-06-01,2023,6,Europe,Car Sharing,16,3.5,78,1248,121.0,1902.0
2023-06-01,2023,6,Europe,Conventional Vehicle,74,15.5,185,13690,0.0,0.0
2023-06-01,2023,6,Asia Pacific,Electric Vehicle,77,16.2,42,3234,76.0,7322.0
2023-06-01,2023,6,Asia Pacific,Hybrid Vehicle,125,26.2,95,11875,52.0,28369.0
2023-06-01,2023,6,Asia Pacific,Public Transport,173,36.2,65,11245,321.0,16413.0
2023-06-01,2023,6,Asia Pacific,Cycling/Walking,68,14.2,0,0,275.0,15103.0
2023-06-01,2023,6,Asia Pacific,Car Sharing,16,3.5,78,1248,332.0,4631.0
2023-06-01,2023,6,Asia Pacific,Conventional Vehicle,74,15.5,185,13690,0.0,0.0
2023-06-01,2023,6,Latin America,Electric Vehicle,77,16.2,42,3234,306.0,18614.0
2023-06-01,2023,6,Latin America,Hybrid Vehicle,125,26.2,95,11875,293.0,19408.0
2023-06-01,2023,6,Latin America,Public Transport,173,36.2,65,11245,113.0,56010.0
2023-06-01,2023,6,Latin America,Cycling/Walking,68,14.2,0,0,270.0,5250.0
2023-06-01,2023,6,Latin America,Car Sharing,16,3.5,78,1248,310.0,2475.0
2023-06-01,2023,6,Latin America,Conventional Vehicle,74,15.5,185,13690,0.0,0.0
2023-06-01,2023,6,Middle East & Africa,Electric Vehicle,77,16.2,42,3234,139.0,18249.0
2023-06-01,2023,6,Middle East & Africa,Hybrid Vehicle,125,26.2,95,11875,221.0,26435.0
2023-06-01,2023,6,Middle East & Africa,Public Transport,173,36.2,65,11245,126.0,58462.0
2023-06-01,2023,6,Middle East & Africa,Cycling/Walking,68,14.2,0,0,335.0,3485.0
2023-06-01,2023,6,Middle East & Africa,Car Sharing,16,3.5,78,1248,151.0,1019.0
2023-06-01,2023,6,Middle East & Africa,Conventional Vehicle,74,15.5,185,13690,0.0,0.0
2023-07-01,2023,7,North America,Electric Vehicle,79,16.5,42,3318,305.0,24960.0
2023-07-01,2023,7,North America,Hybrid Vehicle,127,26.5,95,12065,205.0,38342.0
2023-07-01,2023,7,North America,Public Transport,175,36.5,65,11375,261.0,34978.0
2023-07-01,2023,7,North America,Cycling/Walking,69,14.5,0,0,159.0,8961.0
2023-07-01,2023,7,North America,Car Sharing,15,3.3,78,1170,128.0,3279.0
2023-07-01,2023,7,North America,Conventional Vehicle,73,15.3,185,13505,0.0,0.0
2023-07-01,2023,7,Europe,Electric Vehicle,79,16.5,42,3318,100.0,8093.0
2023-07-01,2023,7,Europe,Hybrid Vehicle,127,26.5,95,12065,53.0,29718.0
2023-07-01,2023,7,Europe,Public Transport,175,36.5,65,11375,348.0,55434.0
2023-07-01,2023,7,Europe,Cycling/Walking,69,14.5,0,0,262.0,19710.0
2023-07-01,2023,7,Europe,Car Sharing,15,3.3,78,1170,175.0,2091.0
2023-07-01,2023,7,Europe,Conventional Vehicle,73,15.3,185,13505,0.0,0.0
2023-07-01,2023,7,Asia Pacific,Electric Vehicle,79,16.5,42,3318,161.0,5880.0
2023-07-01,2023,7,Asia Pacific,Hybrid Vehicle,127,26.5,95,12065,240.0,13012.0
2023-07-01,2023,7,Asia Pacific,Public Transport,175,36.5,65,11375,279.0,18724.0
2023-07-01,2023,7,Asia Pacific,Cycling/Walking,69,14.5,0,0,118.0,23266.0
2023-07-01,2023,7,Asia Pacific,Car Sharing,15,3.3,78,1170,82.0,2995.0
2023-07-01,2023,7,Asia Pacific,Conventional Vehicle,73,15.3,185,13505,0.0,0.0
2023-07-01,2023,7,Latin America,Electric Vehicle,79,16.5,42,3318,69.0,6092.0
2023-07-01,2023,7,Latin America,Hybrid Vehicle,127,26.5,95,12065,240.0,30381.0
2023-07-01,2023,7,Latin America,Public Transport,175,36.5,65,11375,108.0,54556.0
2023-07-01,2023,7,Latin America,Cycling/Walking,69,14.5,0,0,261.0,9673.0
2023-07-01,2023,7,Latin America,Car Sharing,15,3.3,78,1170,125.0,4144.0
2023-07-01,2023,7,Latin America,Conventional Vehicle,73,15.3,185,13505,0.0,0.0
2023-07-01,2023,7,Middle East & Africa,Electric Vehicle,79,16.5,42,3318,270.0,7477.0
2023-07-01,2023,7,Middle East & Africa,Hybrid Vehicle,127,26.5,95,12065,155.0,14605.0
2023-07-01,2023,7,Middle East & Africa,Public Transport,175,36.5,65,11375,138.0,23847.0
2023-07-01,2023,7,Middle East & Africa,Cycling/Walking,69,14.5,0,0,343.0,18979.0
2023-07-01,2023,7,Middle East & Africa,Car Sharing,15,3.3,78,1170,284.0,1998.0
2023-07-01,2023,7,Middle East & Africa,Conventional Vehicle,73,15.3,185,13505,0.0,0.0
2023-08-01,2023,8,North America,Electric Vehicle,80,16.7,42,3360,50.0,5396.0
2023-08-01,2023,8,North America,Hybrid Vehicle,128,26.7,95,12160,216.0,17362.0
2023-08-01,2023,8,North America,Public Transport,176,36.7,65,11440,108.0,11421.0
2023-08-01,2023,8,North America,Cycling/Walking,70,14.7,0,0,313.0,16103.0
2023-08-01,2023,8,North America,Car Sharing,15,3.2,78,1170,82.0,4199.0
2023-08-01,2023,8,North America,Conventional Vehicle,72,15.2,185,13320,0.0,0.0
2023-08-01,2023,8,Europe,Electric Vehicle,80,16.7,42,3360,277.0,10946.0
2023-08-01,2023,8,Europe,Hybrid Vehicle,128,26.7,95,12160,107.0,37657.0
2023-08-01,2023,8,Europe,Public Transport,176,36.7,65,11440,149.0,53544.0
2023-08-01,2023,8,Europe,Cycling/Walking,70,14.7,0,0,63.0,13985.0
2023-08-01,2023,8,Europe,Car Sharing,15,3.2,78,1170,104.0,3774.0
2023-08-01,2023,8,Europe,Conventional Vehicle,72,15.2,185,13320,0.0,0.0
2023-08-01,2023,8,Asia Pacific,Electric Vehicle,80,16.7,42,3360,349.0,13900.0
2023-08-01,2023,8,Asia Pacific,Hybrid Vehicle,128,26.7,95,12160,80.0,18599.0
2023-08-01,2023,8,Asia Pacific,Public Transport,176,36.7,65,11440,317.0,49232.0
2023-08-01,2023,8,Asia Pacific,Cycling/Walking,70,14.7,0,0,120.0,23526.0
2023-08-01,2023,8,Asia Pacific,Car Sharing,15,3.2,78,1170,237.0,1506.0
2023-08-01,2023,8,Asia Pacific,Conventional Vehicle,72,15.2,185,13320,0.0,0.0
2023-08-01,2023,8,Latin America,Electric Vehicle,80,16.7,42,3360,222.0,14831.0
2023-08-01,2023,8,Latin America,Hybrid Vehicle,128,26.7,95,12160,296.0,19616.0
2023-08-01,2023,8,Latin America,Public Transport,176,36.7,65,11440,312.0,51672.0
2023-08-01,2023,8,Latin America,Cycling/Walking,70,14.7,0,0,252.0,8931.0
2023-08-01,2023,8,Latin America,Car Sharing,15,3.2,78,1170,341.0,3219.0
2023-08-01,2023,8,Latin America,Conventional Vehicle,72,15.2,185,13320,0.0,0.0
2023-08-01,2023,8,Middle East & Africa,Electric Vehicle,80,16.7,42,3360,322.0,9178.0
2023-08-01,2023,8,Middle East & Africa,Hybrid Vehicle,128,26.7,95,12160,345.0,37737.0
2023-08-01,2023,8,Middle East & Africa,Public Transport,176,36.7,65,11440,335.0,20013.0
2023-08-01,2023,8,Middle East & Africa,Cycling/Walking,70,14.7,0,0,179.0,5550.0
2023-08-01,2023,8,Middle East & Africa,Car Sharing,15,3.2,78,1170,91.0,2028.0
2023-08-01,2023,8,Middle East & Africa,Conventional Vehicle,72,15.2,185,13320,0.0,0.0
2023-09-01,2023,9,North America,Electric Vehicle,81,17.0,42,3402,335.0,20263.0
2023-09-01,2023,9,North America,Hybrid Vehicle,129,27.0,95,12255,144.0,43392.0
2023-09-01,2023,9,North America,Public Transport,177,37.0,65,11505,272.0,57011.0
2023-09-01,2023,9,North America,Cycling/Walking,71,15.0,0,0,328.0,19541.0
2023-09-01,2023,9,North America,Car Sharing,14,3.0,78,1092,123.0,4886.0
2023-09-01,2023,9,North America,Conventional Vehicle,72,15.0,185,13320,0.0,0.0
2023-09-01,2023,9,Europe,Electric Vehicle,81,17.0,42,3402,148.0,20372.0
2023-09-01,2023,9,Europe,Hybrid Vehicle,129,27.0,95,12255,303.0,13228.0
2023-09-01,2023,9,Europe,Public Transport,177,37.0,65,11505,233.0,28772.0
2023-09-01,2023,9,Europe,Cycling/Walking,71,15.0,0,0,123.0,3801.0
2023-09-01,2023,9,Europe,Car Sharing,14,3.0,78,1092,312.0,1271.0
2023-09-01,2023,9,Europe,Conventional Vehicle,72,15.0,185,13320,0.0,0.0
2023-09-01,2023,9,Asia Pacific,Electric Vehicle,81,17.0,42,3402,313.0,18647.0
2023-09-01,2023,9,Asia Pacific,Hybrid Vehicle,129,27.0,95,12255,236.0,38519.0
2023-09-01,2023,9,Asia Pacific,Public Transport,177,37.0,65,11505,203.0,27822.0
2023-09-01,2023,9,Asia Pacific,Cycling/Walking,71,15.0,0,0,92.0,15700.0
2023-09-01,2023,9,Asia Pacific,Car Sharing,14,3.0,78,1092,216.0,1934.0
2023-09-01,2023,9,Asia Pacific,Conventional Vehicle,72,15.0,185,13320,0.0,0.0
2023-09-01,2023,9,Latin America,Electric Vehicle,81,17.0,42,3402,230.0,14727.0
2023-09-01,2023,9,Latin America,Hybrid Vehicle,129,27.0,95,12255,292.0,28102.0
2023-09-01,2023,9,Latin America,Public Transport,177,37.0,65,11505,330.0,36355.0
2023-09-01,2023,9,Latin America,Cycling/Walking,71,15.0,0,0,316.0,14637.0
2023-09-01,2023,9,Latin America,Car Sharing,14,3.0,78,1092,217.0,2241.0
2023-09-01,2023,9,Latin America,Conventional Vehicle,72,15.0,185,13320,0.0,0.0
2023-09-01,2023,9,Middle East & Africa,Electric Vehicle,81,17.0,42,3402,170.0,26724.0
2023-09-01,2023,9,Middle East & Africa,Hybrid Vehicle,129,27.0,95,12255,117.0,11150.0
2023-09-01,2023,9,Middle East & Africa,Public Transport,177,37.0,65,11505,299.0,39484.0
2023-09-01,2023,9,Middle East & Africa,Cycling/Walking,71,15.0,0,0,135.0,12760.0
2023-09-01,2023,9,Middle East & Africa,Car Sharing,14,3.0,78,1092,207.0,3187.0
2023-09-01,2023,9,Middle East & Africa,Conventional Vehicle,72,15.0,185,13320,0.0,0.0
2023-10-01,2023,10,North America,Electric Vehicle,82,17.2,42,3444,296.0,13801.0
2023-10-01,2023,10,North America,Hybrid Vehicle,130,27.2,95,12350,253.0,39056.0
2023-10-01,2023,10,North America,Public Transport,178,37.2,65,11570,303.0,22477.0
2023-10-01,2023,10,North America,Cycling/Walking,73,15.2,0,0,155.0,16678.0
2023-10-01,2023,10,North America,Car Sharing,14,3.0,78,1092,316.0,4020.0
2023-10-01,2023,10,North America,Conventional Vehicle,71,14.9,185,13135,0.0,0.0
2023-10-01,2023,10,Europe,Electric Vehicle,82,17.2,42,3444,225.0,28300.0
2023-10-01,2023,10,Europe,Hybrid Vehicle,130,27.2,95,12350,182.0,39356.0
2023-10-01,2023,10,Europe,Public Transport,178,37.2,65,11570,296.0,57389.0
2023-10-01,2023,10,Europe,Cycling/Walking,73,15.2,0,0,346.0,14506.0
2023-10-01,2023,10,Europe,Car Sharing,14,3.0,78,1092,109.0,2636.0
2023-10-01,2023,10,Europe,Conventional Vehicle,71,14.9,185,13135,0.0,0.0
2023-10-01,2023,10,Asia Pacific,Electric Vehicle,82,17.2,42,3444,306.0,24668.0
2023-10-01,2023,10,Asia Pacific,Hybrid Vehicle,130,27.2,95,12350,151.0,8345.0
2023-10-01,2023,10,Asia Pacific,Public Transport,178,37.2,65,11570,203.0,34217.0
2023-10-01,2023,10,Asia Pacific,Cycling/Walking,73,15.2,0,0,76.0,21058.0
2023-10-01,2023,10,Asia Pacific,Car Sharing,14,3.0,78,1092,135.0,3412.0
2023-10-01,2023,10,Asia Pacific,Conventional Vehicle,71,14.9,185,13135,0.0,0.0
2023-10-01,2023,10,Latin America,Electric Vehicle,82,17.2,42,3444,80.0,25273.0
2023-10-01,2023,10,Latin America,Hybrid Vehicle,130,27.2,95,12350,272.0,21648.0
2023-10-01,2023,10,Latin America,Public Transport,178,37.2,65,11570,239.0,18910.0
2023-10-01,2023,10,Latin America,Cycling/Walking,73,15.2,0,0,346.0,21085.0
2023-10-01,2023,10,Latin America,Car Sharing,14,3.0,78,1092,287.0,1344.0
2023-10-01,2023,10,Latin America,Conventional Vehicle,71,14.9,185,13135,0.0,0.0
2023-10-01,2023,10,Middle East & Africa,Electric Vehicle,82,17.2,42,3444,55.0,18500.0
2023-10-01,2023,10,Middle East & Africa,Hybrid Vehicle,130,27.2,95,12350,93.0,36937.0
2023-10-01,2023,10,Middle East & Africa,Public Transport,178,37.2,65,11570,175.0,26981.0
2023-10-01,2023,10,Middle East & Africa,Cycling/Walking,73,15.2,0,0,72.0,25464.0
2023-10-01,2023,10,Middle East & Africa,Car Sharing,14,3.0,78,1092,337.0,1253.0
2023-10-01,2023,10,Middle East & Africa,Conventional Vehicle,71,14.9,185,13135,0.0,0.0
2023-11-01,2023,11,North America,Electric Vehicle,83,17.5,42,3486,150.0,13881.0
2023-11-01,2023,11,North America,Hybrid Vehicle,131,27.5,95,12445,139.0,43275.0
2023-11-01,2023,11,North America,Public Transport,179,37.5,65,11635,266.0,60283.0
2023-11-01,2023,11,North America,Cycling/Walking,74,15.5,0,0,312.0,20451.0
2023-11-01,2023,11,North America,Car Sharing,14,3.0,78,1092,259.0,4338.0
2023-11-01,2023,11,North America,Conventional Vehicle,70,14.7,185,12950,0.0,0.0
2023-11-01,2023,11,Europe,Electric Vehicle,83,17.5,42,3486,255.0,8849.0
2023-11-01,2023,11,Europe,Hybrid Vehicle,131,27.5,95,12445,244.0,26790.0
2023-11-01,2023,11,Europe,Public Transport,179,37.5,65,11635,345.0,36335.0
2023-11-01,2023,11,Europe,Cycling/Walking,74,15.5,0,0,62.0,9565.0
2023-11-01,2023,11,Europe,Car Sharing,14,3.0,78,1092,325.0,4742.0
2023-11-01,2023,11,Europe,Conventional Vehicle,70,14.7,185,12950,0.0,0.0
2023-11-01,2023,11,Asia Pacific,Electric Vehicle,83,17.5,42,3486,269.0,5566.0
2023-11-01,2023,11,Asia Pacific,Hybrid Vehicle,131,27.5,95,12445,57.0,25398.0
2023-11-01,2023,11,Asia Pacific,Public Transport,179,37.5,65,11635,350.0,55631.0
2023-11-01,2023,11,Asia Pacific,Cycling/Walking,74,15.5,0,0,330.0,17543.0
2023-11-01,2023,11,Asia Pacific,Car Sharing,14,3.0,78,1092,308.0,2043.0
2023-11-01,2023,11,Asia Pacific,Conventional Vehicle,70,14.7,185,12950,0.0,0.0
2023-11-01,2023,11,Latin America,Electric Vehicle,83,17.5,42,3486,58.0,27014.0
2023-11-01,2023,11,Latin America,Hybrid Vehicle,131,27.5,95,12445,116.0,35180.0
2023-11-01,2023,11,Latin America,Public Transport,179,37.5,65,11635,248.0,17443.0
2023-11-01,2023,11,Latin America,Cycling/Walking,74,15.5,0,0,109.0,11005.0
2023-11-01,2023,11,Latin America,Car Sharing,14,3.0,78,1092,277.0,865.0
2023-11-01,2023,11,Latin America,Conventional Vehicle,70,14.7,185,12950,0.0,0.0
2023-11-01,2023,11,Middle East & Africa,Electric Vehicle,83,17.5,42,3486,172.0,20711.0
2023-11-01,2023,11,Middle East & Africa,Hybrid Vehicle,131,27.5,95,12445,101.0,11243.0
2023-11-01,2023,11,Middle East & Africa,Public Transport,179,37.5,65,11635,167.0,24338.0
2023-11-01,2023,11,Middle East & Africa,Cycling/Walking,74,15.5,0,0,245.0,25224.0
2023-11-01,2023,11,Middle East & Africa,Car Sharing,14,3.0,78,1092,51.0,4490.0
2023-11-01,2023,11,Middle East & Africa,Conventional Vehicle,70,14.7,185,12950,0.0,0.0
2023-12-01,2023,12,North America,Electric Vehicle,85,17.7,42,3570,180.0,21182.0
2023-12-01,2023,12,North America,Hybrid Vehicle,133,27.7,95,12635,305.0,29531.0
2023-12-01,2023,12,North America,Public Transport,181,37.7,65,11765,79.0,16684.0
2023-12-01,2023,12,North America,Cycling/Walking,75,15.7,0,0,287.0,8905.0
2023-12-01,2023,12,North America,Car Sharing,14,3.0,78,1092,221.0,2498.0
2023-12-01,2023,12,North America,Conventional Vehicle,69,14.6,185,12765,0.0,0.0
2023-12-01,2023,12,Europe,Electric Vehicle,85,17.7,42,3570,141.0,24318.0
2023-12-01,2023,12,Europe,Hybrid Vehicle,133,27.7,95,12635,269.0,32430.0
2023-12-01,2023,12,Europe,Public Transport,181,37.7,65,11765,162.0,21347.0
2023-12-01,2023,12,Europe,Cycling/Walking,75,15.7,0,0,205.0,22135.0
2023-12-01,2023,12,Europe,Car Sharing,14,3.0,78,1092,223.0,4775.0
2023-12-01,2023,12,Europe,Conventional Vehicle,69,14.6,185,12765,0.0,0.0
2023-12-01,2023,12,Asia Pacific,Electric Vehicle,85,17.7,42,3570,55.0,29708.0
2023-12-01,2023,12,Asia Pacific,Hybrid Vehicle,133,27.7,95,12635,257.0,39874.0
2023-12-01,2023,12,Asia Pacific,Public Transport,181,37.7,65,11765,150.0,36653.0
2023-12-01,2023,12,Asia Pacific,Cycling/Walking,75,15.7,0,0,289.0,20865.0
2023-12-01,2023,12,Asia Pacific,Car Sharing,14,3.0,78,1092,150.0,2063.0
2023-12-01,2023,12,Asia Pacific,Conventional Vehicle,69,14.6,185,12765,0.0,0.0
2023-12-01,2023,12,Latin America,Electric Vehicle,85,17.7,42,3570,249.0,28058.0
2023-12-01,2023,12,Latin America,Hybrid Vehicle,133,27.7,95,12635,182.0,20732.0
2023-12-01,2023,12,Latin America,Public Transport,181,37.7,65,11765,318.0,46140.0
2023-12-01,2023,12,Latin America,Cycling/Walking,75,15.7,0,0,166.0,5039.0
2023-12-01,2023,12,Latin America,Car Sharing,14,3.0,78,1092,266.0,2182.0
2023-12-01,2023,12,Latin America,Conventional Vehicle,69,14.6,185,12765,0.0,0.0
2023-12-01,2023,12,Middle East & Africa,Electric Vehicle,85,17.7,42,3570,71.0,19863.0
2023-12-01,2023,12,Middle East & Africa,Hybrid Vehicle,133,27.7,95,12635,147.0,20154.0
2023-12-01,2023,12,Middle East & Africa,Public Transport,181,37.7,65,11765,194.0,48009.0
2023-12-01,2023,12,Middle East & Africa,Cycling/Walking,75,15.7,0,0,133.0,5571.0
2023-12-01,2023,12,Middle East & Africa,Car Sharing,14,3.0,78,1092,177.0,931.0
2023-12-01,2023,12,Middle East & Africa,Conventional Vehicle,69,14.6,185,12765,0.0,0.0
2024-01-01,2024,1,North America,Electric Vehicle,86,18.0,42,3612,259.0,29048.0
2024-01-01,2024,1,North America,Hybrid Vehicle,134,28.0,95,12730,248.0,17771.0
2024-01-01,2024,1,North America,Public Transport,182,38.0,65,11830,105.0,21810.0
2024-01-01,2024,1,North America,Cycling/Walking,76,16.0,0,0,116.0,10955.0
2024-01-01,2024,1,North America,Car Sharing,14,3.0,78,1092,79.0,4462.0
2024-01-01,2024,1,North America,Conventional Vehicle,69,14.4,185,12765,0.0,0.0
2024-01-01,2024,1,Europe,Electric Vehicle,86,18.0,42,3612,316.0,20173.0
2024-01-01,2024,1,Europe,Hybrid Vehicle,134,28.0,95,12730,69.0,39021.0
2024-01-01,2024,1,Europe,Public Transport,182,38.0,65,11830,69.0,14911.0
2024-01-01,2024,1,Europe,Cycling/Walking,76,16.0,0,0,148.0,13638.0
2024-01-01,2024,1,Europe,Car Sharing,14,3.0,78,1092,156.0,1394.0
2024-01-01,2024,1,Europe,Conventional Vehicle,69,14.4,185,12765,0.0,0.0
2024-01-01,2024,1,Asia Pacific,Electric Vehicle,86,18.0,42,3612,84.0,26473.0
2024-01-01,2024,1,Asia Pacific,Hybrid Vehicle,134,28.0,95,12730,159.0,15488.0
2024-01-01,2024,1,Asia Pacific,Public Transport,182,38.0,65,11830,196.0,11111.0
2024-01-01,2024,1,Asia Pacific,Cycling/Walking,76,16.0,0,0,230.0,9466.0
2024-01-01,2024,1,Asia Pacific,Car Sharing,14,3.0,78,1092,229.0,3279.0
2024-01-01,2024,1,Asia Pacific,Conventional Vehicle,69,14.4,185,12765,0.0,0.0
2024-01-01,2024,1,Latin America,Electric Vehicle,86,18.0,42,3612,293.0,10232.0
2024-01-01,2024,1,Latin America,Hybrid Vehicle,134,28.0,95,12730,189.0,45368.0
2024-01-01,2024,1,Latin America,Public Transport,182,38.0,65,11830,268.0,62354.0
2024-01-01,2024,1,Latin America,Cycling/Walking,76,16.0,0,0,328.0,17725.0
2024-01-01,2024,1,Latin America,Car Sharing,14,3.0,78,1092,129.0,3879.0
2024-01-01,2024,1,Latin America,Conventional Vehicle,69,14.4,185,12765,0.0,0.0
2024-01-01,2024,1,Middle East & Africa,Electric Vehicle,86,18.0,42,3612,259.0,19493.0
2024-01-01,2024,1,Middle East & Africa,Hybrid Vehicle,134,28.0,95,12730,259.0,31366.0
2024-01-01,2024,1,Middle East & Africa,Public Transport,182,38.0,65,11830,206.0,31811.0
2024-01-01,2024,1,Middle East & Africa,Cycling/Walking,76,16.0,0,0,63.0,23538.0
2024-01-01,2024,1,Middle East & Africa,Car Sharing,14,3.0,78,1092,310.0,3195.0
2024-01-01,2024,1,Middle East & Africa,Conventional Vehicle,69,14.4,185,12765,0.0,0.0
2024-02-01,2024,2,North America,Electric Vehicle,87,18.2,42,3654,130.0,5084.0
2024-02-01,2024,2,North America,Hybrid Vehicle,135,28.2,95,12825,50.0,9703.0
2024-02-01,2024,2,North America,Public Transport,183,38.2,65,11895,158.0,19493.0
2024-02-01,2024,2,North America,Cycling/Walking,78,16.2,0,0,130.0,20272.0
2024-02-01,2024,2,North America,Car Sharing,14,3.0,78,1092,338.0,1568.0
2024-02-01,2024,2,North America,Conventional Vehicle,68,14.2,185,12580,0.0,0.0
2024-02-01,2024,2,Europe,Electric Vehicle,87,18.2,42,3654,190.0,30228.0
2024-02-01,2024,2,Europe,Hybrid Vehicle,135,28.2,95,12825,330.0,21019.0
2024-02-01,2024,2,Europe,Public Transport,183,38.2,65,11895,146.0,22445.0
2024-02-01,2024,2,Europe,Cycling/Walking,78,16.2,0,0,97.0,14665.0
2024-02-01,2024,2,Europe,Car Sharing,14,3.0,78,1092,152.0,3828.0
2024-02-01,2024,2,Europe,Conventional Vehicle,68,14.2,185,12580,0.0,0.0
2024-02-01,2024,2,Asia Pacific,Electric Vehicle,87,18.2,42,3654,121.0,23568.0
2024-02-01,2024,2,Asia Pacific,Hybrid Vehicle,135,28.2,95,12825,136.0,30756.0
2024-02-01,2024,2,Asia Pacific,Public Transport,183,38.2,65,11895,242.0,46031.0
2024-02-01,2024,2,Asia Pacific,Cycling/Walking,78,16.2,0,0,103.0,10515.0
2024-02-01,2024,2,Asia Pacific,Car Sharing,14,3.0,78,1092,124.0,3120.0
2024-02-01,2024,2,Asia Pacific,Conventional Vehicle,68,14.2,185,12580,0.0,0.0
2024-02-01,2024,2,Latin America,Electric Vehicle,87,18.2,42,3654,73.0,17876.0
2024-02-01,2024,2,Latin America,Hybrid Vehicle,135,28.2,95,12825,76.0,20401.0
2024-02-01,2024,2,Latin America,Public Transport,183,38.2,65,11895,256.0,31800.0
2024-02-01,2024,2,Latin America,Cycling/Walking,78,16.2,0,0,134.0,18311.0
2024-02-01,2024,2,Latin America,Car Sharing,14,3.0,78,1092,272.0,1769.0
2024-02-01,2024,2,Latin America,Conventional Vehicle,68,14.2,185,12580,0.0,0.0
2024-02-01,2024,2,Middle East & Africa,Electric Vehicle,87,18.2,42,3654,140.0,21062.0
2024-02-01,2024,2,Middle East & Africa,Hybrid Vehicle,135,28.2,95,12825,340.0,15412.0
2024-02-01,2024,2,Middle East & Africa,Public Transport,183,38.2,65,11895,246.0,58922.0
2024-02-01,2024,2,Middle East & Africa,Cycling/Walking,78,16.2,0,0,189.0,11314.0
2024-02-01,2024,2,Middle East & Africa,Car Sharing,14,3.0,78,1092,250.0,832.0
2024-02-01,2024,2,Middle East & Africa,Conventional Vehicle,68,14.2,185,12580,0.0,0.0
2024-03-01,2024,3,North America,Electric Vehicle,88,18.5,42,3696,158.0,11211.0
2024-03-01,2024,3,North America,Hybrid Vehicle,136,28.5,95,12920,117.0,14134.0
2024-03-01,2024,3,North America,Public Transport,184,38.5,65,11960,271.0,61922.0
2024-03-01,2024,3,North America,Cycling/Walking,79,16.5,0,0,165.0,5114.0
2024-03-01,2024,3,North America,Car Sharing,14,3.0,78,1092,266.0,2960.0
2024-03-01,2024,3,North America,Conventional Vehicle,67,14.1,185,12395,0.0,0.0
2024-03-01,2024,3,Europe,Electric Vehicle,88,18.5,42,3696,267.0,21505.0
2024-03-01,2024,3,Europe,Hybrid Vehicle,136,28.5,95,12920,322.0,12530.0
2024-03-01,2024,3,Europe,Public Transport,184,38.5,65,11960,101.0,28055.0
2024-03-01,2024,3,Europe,Cycling/Walking,79,16.5,0,0,197.0,25889.0
2024-03-01,2024,3,Europe,Car Sharing,14,3.0,78,1092,322.0,4362.0
2024-03-01,2024,3,Europe,Conventional Vehicle,67,14.1,185,12395,0.0,0.0
2024-03-01,2024,3,Asia Pacific,Electric Vehicle,88,18.5,42,3696,117.0,23663.0
2024-03-01,2024,3,Asia Pacific,Hybrid Vehicle,136,28.5,95,12920,165.0,44792.0
2024-03-01,2024,3,Asia Pacific,Public Transport,184,38.5,65,11960,114.0,16997.0
2024-03-01,2024,3,Asia Pacific,Cycling/Walking,79,16.5,0,0,303.0,20941.0
2024-03-01,2024,3,Asia Pacific,Car Sharing,14,3.0,78,1092,296.0,1363.0
2024-03-01,2024,3,Asia Pacific,Conventional Vehicle,67,14.1,185,12395,0.0,0.0
2024-03-01,2024,3,Latin America,Electric Vehicle,88,18.5,42,3696,315.0,22289.0
2024-03-01,2024,3,Latin America,Hybrid Vehicle,136,28.5,95,12920,245.0,30569.0
2024-03-01,2024,3,Latin America,Public Transport,184,38.5,65,11960,279.0,32142.0
2024-03-01,2024,3,Latin America,Cycling/Walking,79,16.5,0,0,90.0,16731.0
2024-03-01,2024,3,Latin America,Car Sharing,14,3.0,78,1092,274.0,1345.0
2024-03-01,2024,3,Latin America,Conventional Vehicle,67,14.1,185,12395,0.0,0.0
2024-03-01,2024,3,Middle East & Africa,Electric Vehicle,88,18.5,42,3696,117.0,22789.0
2024-03-01,2024,3,Middle East & Africa,Hybrid Vehicle,136,28.5,95,12920,131.0,13734.0
2024-03-01,2024,3,Middle East & Africa,Public Transport,184,38.5,65,11960,317.0,18081.0
2024-03-01,2024,3,Middle East & Africa,Cycling/Walking,79,16.5,0,0,153.0,14104.0
2024-03-01,2024,3,Middle East & Africa,Car Sharing,14,3.0,78,1092,193.0,2218.0
2024-03-01,2024,3,Middle East & Africa,Conventional Vehicle,67,14.1,185,12395,0.0,0.0
2024-04-01,2024,4,North America,Electric Vehicle,89,18.7,42,3738,324.0,22035.0
2024-04-01,2024,4,North America,Hybrid Vehicle,137,28.7,95,13015,158.0,21552.0
2024-04-01,2024,4,North America,Public Transport,185,38.7,65,12025,201.0,11118.0
2024-04-01,2024,4,North America,Cycling/Walking,80,16.7,0,0,328.0,9359.0
2024-04-01,2024,4,North America,Car Sharing,14,3.0,78,1092,259.0,3966.0
2024-04-01,2024,4,North America,Conventional Vehicle,66,14.0,185,12210,0.0,0.0
2024-04-01,2024,4,Europe,Electric Vehicle,89,18.7,42,3738,298.0,8873.0
2024-04-01,2024,4,Europe,Hybrid Vehicle,137,28.7,95,13015,211.0,10289.0
2024-04-01,2024,4,Europe,Public Transport,185,38.7,65,12025,291.0,36248.0
2024-04-01,2024,4,Europe,Cycling/Walking,80,16.7,0,0,98.0,21248.0
2024-04-01,2024,4,Europe,Car Sharing,14,3.0,78,1092,149.0,1181.0
2024-04-01,2024,4,Europe,Conventional Vehicle,66,14.0,185,12210,0.0,0.0
2024-04-01,2024,4,Asia Pacific,Electric Vehicle,89,18.7,42,3738,188.0,10731.0
2024-04-01,2024,4,Asia Pacific,Hybrid Vehicle,137,28.7,95,13015,335.0,21702.0
2024-04-01,2024,4,Asia Pacific,Public Transport,185,38.7,65,12025,222.0,61884.0
2024-04-01,2024,4,Asia Pacific,Cycling/Walking,80,16.7,0,0,168.0,12595.0
2024-04-01,2024,4,Asia Pacific,Car Sharing,14,3.0,78,1092,99.0,4641.0
2024-04-01,2024,4,Asia Pacific,Conventional Vehicle,66,14.0,185,12210,0.0,0.0
2024-04-01,2024,4,Latin America,Electric Vehicle,89,18.7,42,3738,290.0,10351.0
2024-04-01,2024,4,Latin America,Hybrid Vehicle,137,28.7,95,13015,150.0,44453.0
2024-04-01,2024,4,Latin America,Public Transport,185,38.7,65,12025,211.0,40127.0
2024-04-01,2024,4,Latin America,Cycling/Walking,80,16.7,0,0,244.0,22292.0
2024-04-01,2024,4,Latin America,Car Sharing,14,3.0,78,1092,332.0,4069.0
2024-04-01,2024,4,Latin America,Conventional Vehicle,66,14.0,185,12210,0.0,0.0
2024-04-01,2024,4,Middle East & Africa,Electric Vehicle,89,18.7,42,3738,330.0,26360.0
2024-04-01,2024,4,Middle East & Africa,Hybrid Vehicle,137,28.7,95,13015,64.0,11681.0
2024-04-01,2024,4,Middle East & Africa,Public Transport,185,38.7,65,12025,315.0,10787.0
2024-04-01,2024,4,Middle East & Africa,Cycling/Walking,80,16.7,0,0,288.0,24396.0
2024-04-01,2024,4,Middle East & Africa,Car Sharing,14,3.0,78,1092,175.0,2190.0
2024-04-01,2024,4,Middle East & Africa,Conventional Vehicle,66,14.0,185,12210,0.0,0.0
2024-05-01,2024,5,North America,Electric Vehicle,91,19.0,42,3822,108.0,5885.0
2024-05-01,2024,5,North America,Hybrid Vehicle,139,29.0,95,13205,274.0,10024.0
2024-05-01,2024,5,North America,Public Transport,187,39.0,65,12155,333.0,25997.0
2024-05-01,2024,5,North America,Cycling/Walking,81,17.0,0,0,288.0,5500.0
2024-05-01,2024,5,North America,Car Sharing,14,3.0,78,1092,211.0,2166.0
2024-05-01,2024,5,North America,Conventional Vehicle,66,13.8,185,12210,0.0,0.0
2024-05-01,2024,5,Europe,Electric Vehicle,91,19.0,42,3822,59.0,22453.0
2024-05-01,2024,5,Europe,Hybrid Vehicle,139,29.0,95,13205,333.0,7398.0
2024-05-01,2024,5,Europe,Public Transport,187,39.0,65,12155,131.0,48822.0
2024-05-01,2024,5,Europe,Cycling/Walking,81,17.0,0,0,311.0,8686.0
2024-05-01,2024,5,Europe,Car Sharing,14,3.0,78,1092,71.0,736.0
2024-05-01,2024,5,Europe,Conventional Vehicle,66,13.8,185,12210,0.0,0.0
2024-05-01,2024,5,Asia Pacific,Electric Vehicle,91,19.0,42,3822,115.0,6497.0
2024-05-01,2024,5,Asia Pacific,Hybrid Vehicle,139,29.0,95,13205,158.0,25303.0
2024-05-01,2024,5,Asia Pacific,Public Transport,187,39.0,65,12155,194.0,17335.0
2024-05-01,2024,5,Asia Pacific,Cycling/Walking,81,17.0,0,0,189.0,4270.0
2024-05-01,2024,5,Asia Pacific,Car Sharing,14,3.0,78,1092,122.0,2250.0
2024-05-01,2024,5,Asia Pacific,Conventional Vehicle,66,13.8,185,12210,0.0,0.0
2024-05-01,2024,5,Latin America,Electric Vehicle,91,19.0,42,3822,86.0,26772.0
2024-05-01,2024,5,Latin America,Hybrid Vehicle,139,29.0,95,13205,110.0,38429.0
2024-05-01,2024,5,Latin America,Public Transport,187,39.0,65,12155,192.0,36264.0
2024-05-01,2024,5,Latin America,Cycling/Walking,81,17.0,0,0,244.0,5126.0
2024-05-01,2024,5,Latin America,Car Sharing,14,3.0,78,1092,74.0,2073.0
2024-05-01,2024,5,Latin America,Conventional Vehicle,66,13.8,185,12210,0.0,0.0
2024-05-01,2024,5,Middle East & Africa,Electric Vehicle,91,19.0,42,3822,175.0,16287.0
2024-05-01,2024,5,Middle East & Africa,Hybrid Vehicle,139,29.0,95,13205,253.0,6979.0
2024-05-01,2024,5,Middle East & Africa,Public Transport,187,39.0,65,12155,338.0,19139.0
2024-05-01,2024,5,Middle East & Africa,Cycling/Walking,81,17.0,0,0,125.0,26057.0
2024-05-01,2024,5,Middle East & Africa,Car Sharing,14,3.0,78,1092,52.0,4863.0
2024-05-01,2024,5,Middle East & Africa,Conventional Vehicle,66,13.8,185,12210,0.0,0.0
2024-06-01,2024,6,North America,Electric Vehicle,92,19.2,42,3864,61.0,7927.0
2024-06-01,2024,6,North America,Hybrid Vehicle,140,29.2,95,13300,122.0,25426.0
2024-06-01,2024,6,North America,Public Transport,188,39.2,65,12220,206.0,15306.0
2024-06-01,2024,6,North America,Cycling/Walking,82,17.2,0,0,72.0,4884.0
2024-06-01,2024,6,North America,Car Sharing,14,3.0,78,1092,127.0,4570.0
2024-06-01,2024,6,North America,Conventional Vehicle,65,13.7,185,12025,0.0,0.0
2024-06-01,2024,6,Europe,Electric Vehicle,92,19.2,42,3864,167.0,25687.0
2024-06-01,2024,6,Europe,Hybrid Vehicle,140,29.2,95,13300,107.0,9717.0
2024-06-01,2024,6,Europe,Public Transport,188,39.2,65,12220,216.0,55766.0
2024-06-01,2024,6,Europe,Cycling/Walking,82,17.2,0,0,320.0,17537.0
2024-06-01,2024,6,Europe,Car Sharing,14,3.0,78,1092,138.0,1160.0
2024-06-01,2024,6,Europe,Conventional Vehicle,65,13.7,185,12025,0.0,0.0
2024-06-01,2024,6,Asia Pacific,Electric Vehicle,92,19.2,42,3864,250.0,12340.0
2024-06-01,2024,6,Asia Pacific,Hybrid Vehicle,140,29.2,95,13300,303.0,32415.0
2024-06-01,2024,6,Asia Pacific,Public Transport,188,39.2,65,12220,308.0,41359.0
2024-06-01,2024,6,Asia Pacific,Cycling/Walking,82,17.2,0,0,282.0,11340.0
2024-06-01,2024,6,Asia Pacific,Car Sharing,14,3.0,78,1092,201.0,782.0
2024-06-01,2024,6,Asia Pacific,Conventional Vehicle,65,13.7,185,12025,0.0,0.0
2024-06-01,2024,6,Latin America,Electric Vehicle,92,19.2,42,3864,232.0,19331.0
2024-06-01,2024,6,Latin America,Hybrid Vehicle,140,29.2,95,13300,277.0,37616.0
2024-06-01,2024,6,Latin America,Public Transport,188,39.2,65,12220,238.0,12597.0
2024-06-01,2024,6,Latin America,Cycling/Walking,82,17.2,0,0,321.0,4543.0
2024-06-01,2024,6,Latin America,Car Sharing,14,3.0,78,1092,291.0,2713.0
2024-06-01,2024,6,Latin America,Conventional Vehicle,65,13.7,185,12025,0.0,0.0
2024-06-01,2024,6,Middle East & Africa,Electric Vehicle,92,19.2,42,3864,295.0,17436.0
2024-06-01,2024,6,Middle East & Africa,Hybrid Vehicle,140,29.2,95,13300,244.0,22257.0
2024-06-01,2024,6,Middle East & Africa,Public Transport,188,39.2,65,12220,273.0,23736.0
2024-06-01,2024,6,Middle East & Africa,Cycling/Walking,82,17.2,0,0,266.0,8857.0
2024-06-01,2024,6,Middle East & Africa,Car Sharing,14,3.0,78,1092,267.0,1933.0
2024-06-01,2024,6,Middle East & Africa,Conventional Vehicle,65,13.7,185,12025,0.0,0.0
2024-07-01,2024,7,North America,Electric Vehicle,93,19.5,42,3906,134.0,27291.0
2024-07-01,2024,7,North America,Hybrid Vehicle,141,29.5,95,13395,294.0,36296.0
2024-07-01,2024,7,North America,Public Transport,189,39.5,65,12285,327.0,18306.0
2024-07-01,2024,7,North America,Cycling/Walking,83,17.5,0,0,131.0,11471.0
2024-07-01,2024,7,North America,Car Sharing,14,3.0,78,1092,142.0,2078.0
2024-07-01,2024,7,North America,Conventional Vehicle,64,13.5,185,11840,0.0,0.0
2024-07-01,2024,7,Europe,Electric Vehicle,93,19.5,42,3906,259.0,12204.0
2024-07-01,2024,7,Europe,Hybrid Vehicle,141,29.5,95,13395,136.0,31179.0
2024-07-01,2024,7,Europe,Public Transport,189,39.5,65,12285,108.0,30139.0
2024-07-01,2024,7,Europe,Cycling/Walking,83,17.5,0,0,67.0,27868.0
2024-07-01,2024,7,Europe,Car Sharing,14,3.0,78,1092,145.0,4270.0
2024-07-01,2024,7,Europe,Conventional Vehicle,64,13.5,185,11840,0.0,0.0
2024-07-01,2024,7,Asia Pacific,Electric Vehicle,93,19.5,42,3906,209.0,11017.0
2024-07-01,2024,7,Asia Pacific,Hybrid Vehicle,141,29.5,95,13395,108.0,36447.0
2024-07-01,2024,7,Asia Pacific,Public Transport,189,39.5,65,12285,339.0,19830.0
2024-07-01,2024,7,Asia Pacific,Cycling/Walking,83,17.5,0,0,85.0,13789.0
2024-07-01,2024,7,Asia Pacific,Car Sharing,14,3.0,78,1092,168.0,4086.0
2024-07-01,2024,7,Asia Pacific,Conventional Vehicle,64,13.5,185,11840,0.0,0.0
2024-07-01,2024,7,Latin America,Electric Vehicle,93,19.5,42,3906,191.0,6393.0
2024-07-01,2024,7,Latin America,Hybrid Vehicle,141,29.5,95,13395,326.0,22836.0
2024-07-01,2024,7,Latin America,Public Transport,189,39.5,65,12285,251.0,47297.0
2024-07-01,2024,7,Latin America,Cycling/Walking,83,17.5,0,0,67.0,4240.0
2024-07-01,2024,7,Latin America,Car Sharing,14,3.0,78,1092,76.0,4717.0
2024-07-01,2024,7,Latin America,Conventional Vehicle,64,13.5,185,11840,0.0,0.0
2024-07-01,2024,7,Middle East & Africa,Electric Vehicle,93,19.5,42,3906,288.0,8333.0
2024-07-01,2024,7,Middle East & Africa,Hybrid Vehicle,141,29.5,95,13395,234.0,32936.0
2024-07-01,2024,7,Middle East & Africa,Public Transport,189,39.5,65,12285,50.0,33778.0
2024-07-01,2024,7,Middle East & Africa,Cycling/Walking,83,17.5,0,0,264.0,8801.0
2024-07-01,2024,7,Middle East & Africa,Car Sharing,14,3.0,78,1092,305.0,3473.0
2024-07-01,2024,7,Middle East & Africa,Conventional Vehicle,64,13.5,185,11840,0.0,0.0
2024-08-01,2024,8,North America,Electric Vehicle,94,19.7,42,3948,52.0,28809.0
2024-08-01,2024,8,North America,Hybrid Vehicle,142,29.7,95,13490,56.0,44926.0
2024-08-01,2024,8,North America,Public Transport,190,39.7,65,12350,150.0,49323.0
2024-08-01,2024,8,North America,Cycling/Walking,85,17.7,0,0,286.0,11422.0
2024-08-01,2024,8,North America,Car Sharing,14,3.0,78,1092,157.0,2840.0
2024-08-01,2024,8,North America,Conventional Vehicle,64,13.4,185,11840,0.0,0.0
2024-08-01,2024,8,Europe,Electric Vehicle,94,19.7,42,3948,225.0,12936.0
2024-08-01,2024,8,Europe,Hybrid Vehicle,142,29.7,95,13490,348.0,38496.0
2024-08-01,2024,8,Europe,Public Transport,190,39.7,65,12350,132.0,46005.0
2024-08-01,2024,8,Europe,Cycling/Walking,85,17.7,0,0,181.0,26188.0
2024-08-01,2024,8,Europe,Car Sharing,14,3.0,78,1092,149.0,1489.0
2024-08-01,2024,8,Europe,Conventional Vehicle,64,13.4,185,11840,0.0,0.0
2024-08-01,2024,8,Asia Pacific,Electric Vehicle,94,19.7,42,3948,64.0,32458.0
2024-08-01,2024,8,Asia Pacific,Hybrid Vehicle,142,29.7,95,13490,158.0,16494.0
2024-08-01,2024,8,Asia Pacific,Public Transport,190,39.7,65,12350,198.0,26123.0
2024-08-01,2024,8,Asia Pacific,Cycling/Walking,85,17.7,0,0,120.0,19968.0
2024-08-01,2024,8,Asia Pacific,Car Sharing,14,3.0,78,1092,72.0,2838.0
2024-08-01,2024,8,Asia Pacific,Conventional Vehicle,64,13.4,185,11840,0.0,0.0
2024-08-01,2024,8,Latin America,Electric Vehicle,94,19.7,42,3948,166.0,19717.0
2024-08-01,2024,8,Latin America,Hybrid Vehicle,142,29.7,95,13490,146.0,31396.0
2024-08-01,2024,8,Latin America,Public Transport,190,39.7,65,12350,75.0,30941.0
2024-08-01,2024,8,Latin America,Cycling/Walking,85,17.7,0,0,121.0,15421.0
2024-08-01,2024,8,Latin America,Car Sharing,14,3.0,78,1092,170.0,3351.0
2024-08-01,2024,8,Latin America,Conventional Vehicle,64,13.4,185,11840,0.0,0.0
2024-08-01,2024,8,Middle East & Africa,Electric Vehicle,94,19.7,42,3948,239.0,16357.0
2024-08-01,2024,8,Middle East & Africa,Hybrid Vehicle,142,29.7,95,13490,104.0,31890.0
2024-08-01,2024,8,Middle East & Africa,Public Transport,190,39.7,65,12350,340.0,20070.0
2024-08-01,2024,8,Middle East & Africa,Cycling/Walking,85,17.7,0,0,71.0,10996.0
2024-08-01,2024,8,Middle East & Africa,Car Sharing,14,3.0,78,1092,174.0,1986.0
2024-08-01,2024,8,Middle East & Africa,Conventional Vehicle,64,13.4,185,11840,0.0,0.0
2024-09-01,2024,9,North America,Electric Vehicle,95,20.0,42,3990,300.0,18801.0
2024-09-01,2024,9,North America,Hybrid Vehicle,143,30.0,95,13585,124.0,47914.0
2024-09-01,2024,9,North America,Public Transport,191,40.0,65,12415,88.0,16593.0
2024-09-01,2024,9,North America,Cycling/Walking,86,18.0,0,0,124.0,6281.0
2024-09-01,2024,9,North America,Car Sharing,14,3.0,78,1092,275.0,2014.0
2024-09-01,2024,9,North America,Conventional Vehicle,63,13.2,185,11655,0.0,0.0
2024-09-01,2024,9,Europe,Electric Vehicle,95,20.0,42,3990,269.0,26488.0
2024-09-01,2024,9,Europe,Hybrid Vehicle,143,30.0,95,13585,121.0,29388.0
2024-09-01,2024,9,Europe,Public Transport,191,40.0,65,12415,206.0,59479.0
2024-09-01,2024,9,Europe,Cycling/Walking,86,18.0,0,0,58.0,12473.0
2024-09-01,2024,9,Europe,Car Sharing,14,3.0,78,1092,315.0,1695.0
2024-09-01,2024,9,Europe,Conventional Vehicle,63,13.2,185,11655,0.0,0.0
2024-09-01,2024,9,Asia Pacific,Electric Vehicle,95,20.0,42,3990,91.0,21170.0
2024-09-01,2024,9,Asia Pacific,Hybrid Vehicle,143,30.0,95,13585,142.0,27197.0
2024-09-01,2024,9,Asia Pacific,Public Transport,191,40.0,65,12415,296.0,39386.0
2024-09-01,2024,9,Asia Pacific,Cycling/Walking,86,18.0,0,0,205.0,11477.0
2024-09-01,2024,9,Asia Pacific,Car Sharing,14,3.0,78,1092,288.0,3807.0
2024-09-01,2024,9,Asia Pacific,Conventional Vehicle,63,13.2,185,11655,0.0,0.0
2024-09-01,2024,9,Latin America,Electric Vehicle,95,20.0,42,3990,120.0,13870.0
2024-09-01,2024,9,Latin America,Hybrid Vehicle,143,30.0,95,13585,287.0,22496.0
2024-09-01,2024,9,Latin America,Public Transport,191,40.0,65,12415,171.0,30431.0
2024-09-01,2024,9,Latin America,Cycling/Walking,86,18.0,0,0,98.0,13095.0
2024-09-01,2024,9,Latin America,Car Sharing,14,3.0,78,1092,291.0,2763.0
2024-09-01,2024,9,Latin America,Conventional Vehicle,63,13.2,185,11655,0.0,0.0
2024-09-01,2024,9,Middle East & Africa,Electric Vehicle,95,20.0,42,3990,187.0,9206.0
2024-09-01,2024,9,Middle East & Africa,Hybrid Vehicle,143,30.0,95,13585,103.0,8993.0
2024-09-01,2024,9,Middle East & Africa,Public Transport,191,40.0,65,12415,54.0,37513.0
2024-09-01,2024,9,Middle East & Africa,Cycling/Walking,86,18.0,0,0,173.0,11405.0
2024-09-01,2024,9,Middle East & Africa,Car Sharing,14,3.0,78,1092,347.0,2372.0
2024-09-01,2024,9,Middle East & Africa,Conventional Vehicle,63,13.2,185,11655,0.0,0.0
2024-10-01,2024,10,North America,Electric Vehicle,97,20.2,42,4074,287.0,10977.0
2024-10-01,2024,10,North America,Hybrid Vehicle,145,30.2,95,13775,124.0,31975.0
2024-10-01,2024,10,North America,Public Transport,193,40.2,65,12545,51.0,10659.0
2024-10-01,2024,10,North America,Cycling/Walking,87,18.2,0,0,93.0,10173.0
2024-10-01,2024,10,North America,Car Sharing,14,3.0,78,1092,208.0,3582.0
2024-10-01,2024,10,North America,Conventional Vehicle,62,13.1,185,11470,0.0,0.0
2024-10-01,2024,10,Europe,Electric Vehicle,97,20.2,42,4074,144.0,11807.0
2024-10-01,2024,10,Europe,Hybrid Vehicle,145,30.2,95,13775,297.0,14331.0
2024-10-01,2024,10,Europe,Public Transport,193,40.2,65,12545,253.0,63574.0
2024-10-01,2024,10,Europe,Cycling/Walking,87,18.2,0,0,120.0,6620.0
2024-10-01,2024,10,Europe,Car Sharing,14,3.0,78,1092,344.0,1837.0
2024-10-01,2024,10,Europe,Conventional Vehicle,62,13.1,185,11470,0.0,0.0
2024-10-01,2024,10,Asia Pacific,Electric Vehicle,97,20.2,42,4074,133.0,18928.0
2024-10-01,2024,10,Asia Pacific,Hybrid Vehicle,145,30.2,95,13775,119.0,50440.0
2024-10-01,2024,10,Asia Pacific,Public Transport,193,40.2,65,12545,63.0,35790.0
2024-10-01,2024,10,Asia Pacific,Cycling/Walking,87,18.2,0,0,215.0,16537.0
2024-10-01,2024,10,Asia Pacific,Car Sharing,14,3.0,78,1092,206.0,4848.0
2024-10-01,2024,10,Asia Pacific,Conventional Vehicle,62,13.1,185,11470,0.0,0.0
2024-10-01,2024,10,Latin America,Electric Vehicle,97,20.2,42,4074,313.0,13826.0
2024-10-01,2024,10,Latin America,Hybrid Vehicle,145,30.2,95,13775,215.0,7264.0
2024-10-01,2024,10,Latin America,Public Transport,193,40.2,65,12545,173.0,19138.0
2024-10-01,2024,10,Latin America,Cycling/Walking,87,18.2,0,0,263.0,10120.0
2024-10-01,2024,10,Latin America,Car Sharing,14,3.0,78,1092,275.0,2015.0
2024-10-01,2024,10,Latin America,Conventional Vehicle,62,13.1,185,11470,0.0,0.0
2024-10-01,2024,10,Middle East & Africa,Electric Vehicle,97,20.2,42,4074,328.0,17812.0
2024-10-01,2024,10,Middle East & Africa,Hybrid Vehicle,145,30.2,95,13775,302.0,34575.0
2024-10-01,2024,10,Middle East & Africa,Public Transport,193,40.2,65,12545,343.0,52654.0
2024-10-01,2024,10,Middle East & Africa,Cycling/Walking,87,18.2,0,0,268.0,11263.0
2024-10-01,2024,10,Middle East & Africa,Car Sharing,14,3.0,78,1092,201.0,1918.0
2024-10-01,2024,10,Middle East & Africa,Conventional Vehicle,62,13.1,185,11470,0.0,0.0
2024-11-01,2024,11,North America,Electric Vehicle,98,20.5,42,4116,56.0,25791.0
2024-11-01,2024,11,North America,Hybrid Vehicle,146,30.5,95,13870,121.0,24703.0
2024-11-01,2024,11,North America,Public Transport,194,40.5,65,12610,135.0,21319.0
2024-11-01,2024,11,North America,Cycling/Walking,88,18.5,0,0,70.0,13320.0
2024-11-01,2024,11,North America,Car Sharing,14,3.0,78,1092,75.0,2969.0
2024-11-01,2024,11,North America,Conventional Vehicle,61,12.9,185,11285,0.0,0.0
2024-11-01,2024,11,Europe,Electric Vehicle,98,20.5,42,4116,56.0,32537.0
2024-11-01,2024,11,Europe,Hybrid Vehicle,146,30.5,95,13870,340.0,20644.0
2024-11-01,2024,11,Europe,Public Transport,194,40.5,65,12610,128.0,15776.0
2024-11-01,2024,11,Europe,Cycling/Walking,88,18.5,0,0,321.0,19893.0
2024-11-01,2024,11,Europe,Car Sharing,14,3.0,78,1092,233.0,4463.0
2024-11-01,2024,11,Europe,Conventional Vehicle,61,12.9,185,11285,0.0,0.0
2024-11-01,2024,11,Asia Pacific,Electric Vehicle,98,20.5,42,4116,323.0,29253.0
2024-11-01,2024,11,Asia Pacific,Hybrid Vehicle,146,30.5,95,13870,282.0,45723.0
2024-11-01,2024,11,Asia Pacific,Public Transport,194,40.5,65,12610,313.0,31155.0
2024-11-01,2024,11,Asia Pacific,Cycling/Walking,88,18.5,0,0,342.0,23121.0
2024-11-01,2024,11,Asia Pacific,Car Sharing,14,3.0,78,1092,161.0,2557.0
2024-11-01,2024,11,Asia Pacific,Conventional Vehicle,61,12.9,185,11285,0.0,0.0
2024-11-01,2024,11,Latin America,Electric Vehicle,98,20.5,42,4116,256.0,15516.0
2024-11-01,2024,11,Latin America,Hybrid Vehicle,146,30.5,95,13870,298.0,13785.0
2024-11-01,2024,11,Latin America,Public Transport,194,40.5,65,12610,322.0,27230.0
2024-11-01,2024,11,Latin America,Cycling/Walking,88,18.5,0,0,96.0,27052.0
2024-11-01,2024,11,Latin America,Car Sharing,14,3.0,78,1092,122.0,4242.0
2024-11-01,2024,11,Latin America,Conventional Vehicle,61,12.9,185,11285,0.0,0.0
2024-11-01,2024,11,Middle East & Africa,Electric Vehicle,98,20.5,42,4116,139.0,32356.0
2024-11-01,2024,11,Middle East & Africa,Hybrid Vehicle,146,30.5,95,13870,116.0,10351.0
2024-11-01,2024,11,Middle East & Africa,Public Transport,194,40.5,65,12610,331.0,19339.0
2024-11-01,2024,11,Middle East & Africa,Cycling/Walking,88,18.5,0,0,333.0,26153.0
2024-11-01,2024,11,Middle East & Africa,Car Sharing,14,3.0,78,1092,75.0,2570.0
2024-11-01,2024,11,Middle East & Africa,Conventional Vehicle,61,12.9,185,11285,0.0,0.0
2024-12-01,2024,12,North America,Electric Vehicle,99,20.7,42,4158,72.0,14745.0
2024-12-01,2024,12,North America,Hybrid Vehicle,147,30.7,95,13965,155.0,33794.0
2024-12-01,2024,12,North America,Public Transport,195,40.7,65,12675,343.0,19681.0
2024-12-01,2024,12,North America,Cycling/Walking,89,18.7,0,0,149.0,20126.0
2024-12-01,2024,12,North America,Car Sharing,14,3.0,78,1092,101.0,3685.0
2024-12-01,2024,12,North America,Conventional Vehicle,61,12.8,185,11285,0.0,0.0
2024-12-01,2024,12,Europe,Electric Vehicle,99,20.7,42,4158,171.0,33152.0
2024-12-01,2024,12,Europe,Hybrid Vehicle,147,30.7,95,13965,239.0,23362.0
2024-12-01,2024,12,Europe,Public Transport,195,40.7,65,12675,266.0,58817.0
2024-12-01,2024,12,Europe,Cycling/Walking,89,18.7,0,0,290.0,11466.0
2024-12-01,2024,12,Europe,Car Sharing,14,3.0,78,1092,175.0,2599.0
2024-12-01,2024,12,Europe,Conventional Vehicle,61,12.8,185,11285,0.0,0.0
2024-12-01,2024,12,Asia Pacific,Electric Vehicle,99,20.7,42,4158,167.0,14183.0
2024-12-01,2024,12,Asia Pacific,Hybrid Vehicle,147,30.7,95,13965,276.0,7889.0
2024-12-01,2024,12,Asia Pacific,Public Transport,195,40.7,65,12675,138.0,18035.0
2024-12-01,2024,12,Asia Pacific,Cycling/Walking,89,18.7,0,0,89.0,11845.0
2024-12-01,2024,12,Asia Pacific,Car Sharing,14,3.0,78,1092,279.0,4772.0
2024-12-01,2024,12,Asia Pacific,Conventional Vehicle,61,12.8,185,11285,0.0,0.0
2024-12-01,2024,12,Latin America,Electric Vehicle,99,20.7,42,4158,204.0,15017.0
2024-12-01,2024,12,Latin America,Hybrid Vehicle,147,30.7,95,13965,299.0,10309.0
2024-12-01,2024,12,Latin America,Public Transport,195,40.7,65,12675,78.0,29954.0
2024-12-01,2024,12,Latin America,Cycling/Walking,89,18.7,0,0,185.0,25752.0
2024-12-01,2024,12,Latin America,Car Sharing,14,3.0,78,1092,328.0,2931.0
2024-12-01,2024,12,Latin America,Conventional Vehicle,61,12.8,185,11285,0.0,0.0
2024-12-01,2024,12,Middle East & Africa,Electric Vehicle,99,20.7,42,4158,199.0,11276.0
2024-12-01,2024,12,Middle East & Africa,Hybrid Vehicle,147,30.7,95,13965,185.0,48083.0
2024-12-01,2024,12,Middle East & Africa,Public Transport,195,40.7,65,12675,168.0,22075.0
2024-12-01,2024,12,Middle East & Africa,Cycling/Walking,89,18.7,0,0,151.0,18190.0
2024-12-01,2024,12,Middle East & Africa,Car Sharing,14,3.0,78,1092,230.0,2516.0
2024-12-01,2024,12,Middle East & Africa,Conventional Vehicle,61,12.8,185,11285,0.0,0.0
